DROP TABLE IF EXISTS persons CASCADE;
CREATE TABLE persons (
    _id SERIAL PRIMARY KEY,
    name TEXT,
    givenname TEXT,
    life_hint_begin TEXT,
    life_hint_end TEXT,
    record_nr integer REFERENCES records (_id)
);

DROP TABLE IF EXISTS records CASCADE;
CREATE TABLE records (
    _id SERIAL PRIMARY KEY,
    id TEXT,
    url_id integer REFERENCES links(_id)
);

DROP TABLE IF EXISTS links CASCADE;
CREATE TABLE links (
    _id SERIAL PRIMARY KEY,
    href TEXT
);

COPY persons (name, givenname, life_hint_begin, life_hint_end, record_nr) FROM stdin;
Jeannin	Pierre	1607	1609	1
la	Place van Russy, Elie de	1607	1611	2
Refuge	Eustache de	1611	1614	3
Aubéry	Benjamin (* 1607)	1613	1624	4
Faye	van Espesses, Charles	6		5
Baugy	Nicolas de	1628	1634	6
Brasset	Henri	1634	1635	7
Charnacé	Hercule de	1635	1637	8
Estampes	Jean d'	1637	1639	9
Estrades	Godefroy d'	1639	1640	10
Coignet	de la Thuillerie, Gaspard	1640	1648	11
Bellièvre	Pomponne de			12
Chanut	Pierre-Hector	1653	1655	13
Courtin	Georges	1655	1557	14
Thou	Jacques-Auguste de	1657	1662	15
Bernarts	Pierre	1662		16
Destouches		1662		17
Arnault	de Pomponne, Simon-Nicolas	1669	1671	18
Mesmes	d'Avaux, Jean Antoine de	1678	1688	19
Cadiot	de La Closure, Pierre	1697	1698	20
Usson	van Bonrepaux, François d'	1698	1699	21
Usson	de Bonnac, Jean-Louis d'	1699	1700	22
Briord	Gabriel de	1700	1701	23
Barré		1701	1702	24
la	Porte du Theil, Jean-Gabriel de	1713		25
Castagnères	de Châteauneuf, Pierre-Antoine de	1713	1718	26
Fleuriau	de Morville, Charles-Jean-Baptiste	1718	1720	27
Chambery	de	1720	1725	28
Salignac	de la Mothe-Fénelon, Gabriel-Jacques de	1725	1744	29
la	Ville, Jean-Ignace de	1743	1745	30
Chiquet		1745	1750	31
Barberie	de St. Contest, François-Dominique	1750	1751	32
Lesseps	Michel de	1752		33
Durand	de Distroff, François-Marie(-Michel)	1751	1752	34
Usson	de Bonnac, François-Armand d'	1752	1756	35
Affry	Louis-Auguste-Augustin d'	1755	1762	36
Prévost	(Prevost)	1762	1763	37
Cardevac	d'Havrincourt, Louis de	1763	1767	38
Bruère	Desrivaux, René Charles			39
le	Tonnelier de Breteuil, Louis-Charles-Auguste	1768	1769	40
Prat	Louis-François-Berton du			41
Noailles	Emmanuel-Marie-Louise de	1771	1775	42
Noyers	des			43
Quélen	de Stuer de Caussade de la Vauguyon, Paul-François de	1776	1784	44
Baussay	Elie de	1779	1794	45
Bérenger	Laurent	1784	1785	46
Saint	-Georges de Vérac, Charles-Olivier de	1785	1787	47
Caillard	Antoine-Bernard	1787	1788	48
Guignard	de Saint-Priest, François-Emmanuel	1788		49
Osmond	René-Eustache d'			50
la	Tour (Latour) du Pin de Gouvernet, Frédéric-Séraphin de	1791	1792	51
Mauide	Hosdan, M. Emmanuel de	1792	1793	52
Noel	François-Joseph-Michel	1793		53
Pinsot		1795		54
Lacroix	de Constant, Charles de	1798		55
Roberjot	Claude	1798		56
Champigny	Aubin, Louis	1798		57
Lombard	(de Langres), Vincent	1798	1799	58
Fouché	d'Otrante, Joseph	1799		59
Guyot	de Saint-Florent	1799		60
Desforgues		1799	1800	61
Huguet	(de) Sémonville, Charles-Louis	1800	1805	62
Marivault		1805		63
Sérurier	Louis-Barbe-Charles	1805		64
Dupont	-Chaumont, Pierre-Antoine	1805	1808	65
la	Rochefoucault d'Estissac, Alexandre-François de	1808	1810	66
Davison	William			67
Clerke	Bartholomew	1585	1587	68
Killigrew	Henry	1586		69
Wilkes	Thomas	1586	1587	70
Beale	Robert	1587		71
Bodley	Thomas	1589	1596	72
Gilpin	George	1585	1602	73
Winwood	Ralph			74
Wotton	Henry	1614	1615	75
Carleton	Dorchester, Dudley	1616	1626	76
Carleton	Dudley	1628	1632	77
Boswell	William	1632	1650	78
Strickland	Walter	1642	1650	79
Dorislaus	Isaac	1649		80
St	. John, Oliver	1651		81
Downing	George	1658	1665	82
Temple	William	1667	1670	83
Meredith	Roger	1679		84
Sydney	of Romney, Henry	1679	1681	85
Plott	Thomas	1681	1682	86
Chudleigh	Thomas	1682	1685	87
Skelton	Bevil	1685	1686	88
White	of Alby d'Albeville, Ignatius Maximilian Vitus alias	1687	1689	89
Herbert	of Pembroke and Montgomery, Thomas	1689		90
Berkeley	of Berkeley, Charles	1689	1693	91
Prior	Matthew	1693	1697	92
Williamson	Joseph	1697	1699	93
Stanhope	Alexander	1700	1706	94
Churchill	of Marlborough, John	1701	1712	95
Dayrolle	James (Jacques Teissinière)	1706	1712	96
Stepney	George	1706	1707	97
Cadogan	of Cadogan, William	1708	1711	98
Townshend	Townshend, Charles	1709	1711	99
Boyle	of Orrery, Charles	1711		100
Wentworth	of Strafford, Thomas	1711	1714	101
Leathes	William	1717		102
Whitworth	Whitworth, Charles	1717	1721	103
Finch	William	1724	1728	104
Stanhope	of Chesterfield, Philip Dormer	1728	1732	105
Walpole	Walpole, Horatio			106
Hampden	Hampden, Robert (Trevor)			107
Dalrymple	of Stair, John	1742	1743	108
Montagu	of Sandwich, John	1746	1749	109
Dayrolle	Solomon	1747	1752	110
Darcy	of Holderness, Robert	1749	1751	111
Tyndale				112
Yorke	Dover, Joseph			113
Harris	of Malmesbury, James			114
Jackson	Francis James	1788		115
Gomm	William	1788	1789	116
Fitzherbert	St. Helens, Alleyne	1789	1790	117
Eden	Auckland, William	1790	1793	118
Spencer	(Edward) Henry John	1793		119
Eliot	of Saint Germans, William	1793	1794	120
Liston	Robert	1802	1803	121
Friquet	Jean	1658	1667	122
Kramprich	von Kronefeld, Daniël Johann	1667	1693	123
Straetman	Heinrich Johann Franz von	1693	1698	124
Auersperg	Leopold Wilhelm von	1649	1699	125
Goess	Johann Peter von	1698	1707	126
Gallas	Johann Wenzel von	1707	1708	127
Heems	Arnold von	1707	1718	128
Sinzendorf	von Thanhausen, Philip Ludwig Wenceslas Franz Anton Bonaventura Stephan von	1709	1713	129
Windischgrätz	Leopold Victorin von	1719	1721	130
Siegman	(Josephus) Christoph Anton	1721	1725	131
Königsegg	-Rottenfels-Erps, Carl Ferdinand de Boisschot von	1725	1728	132
Sinzendorf	Franz Wenzel von	1728	1734	133
Ulfeld	Corfitz Anton von			134
Halloy	Andreas Johannes (Josephus) (de)	1739	1741	135
Seinsheim	Joseph Franz Maria Ignaz von	1742	1745	136
Orsini	und Rosenberg, Philipp Josef von	1745	1748	137
Reischach	(Judas) Thaddaeus Adam Joannes Baptista Josephus Antonius von			138
Doringer	Ignaz Josef Michael	1782	1783	139
Reischach	Franz Johann Nepomucenus Fidel von	1783	1787	140
Schraut	Franz Albin von	1787	1788	141
Merode	Guillaume Charles Guislain de	1788	1789	142
Buol	-Schauenstein, Johann Rudolf von	1790	1792	143
Starhemberg	Ludwig Joseph Maria (Theresia) von	1792	1793	144
Pelser	Bernhard von	1793	1795	145
Feltz	Guillaume Antoine François de	1802	1808	146
Provost	Karl Nikolaus	1808	1809	147
Bois	Philibert du			148
Prielmayer	von Priel, Corbinian von	1690	1692	149
Fuenmayor	y la Sazon de Castel Moncayo, Balthazar de			150
Lancier	Johann Baptist von			151
Reichar	(d)t, Johann Nicolaus de			152
Heydenfeldt	von			153
Gansinotti	Giacomo Antonio (Jacques Antoine, Jacob Anthon)	1716	1741	154
Elsacker	Petrus van	1742	1755	155
Bossée	Johannes	1754	1765	156
Cornet	Jakob Olivier von	1755	1785	157
Polis	Arnold Josef	1786	1787	158
Willigen	Franciscus Antonius van			159
George	Martin Josef von			160
Hertling	Wilhelm Hubert Franz Xaver von	1807	1810	161
Gosse	Pierre	1747	1773	162
Gosse	Pierre Frederik	1773	1806	163
Commerel	Johannes			164
Helt	Hendrik (de)			165
Gordon	Robert			166
Rathsamhausen	Johann Wolfgang von	1703	1708	167
Heespen	(Hespen), Anton Günther von	1704	1719	168
Chastelain	Louis			169
Pfau	Johann Georg Daniel von		1748	170
Treuer	Gottlieb Heinrich von	1756	1775	171
Smitsbergen	Isaac			172
Penasse	Philippe Gaspar de		1798	173
Hügel	Johann Christian Friedrich von	1799	1805	174
Harmensen	Johann Stephan von	1807		175
Steube	zu Schnaditz, Christoph Erdmann von	1807	1808	176
Eckbrecht	von Dürckheim-Montmartin, Karl Friedrich Johann	1808		177
Petkum	Herman (van)			178
Rotolp	de la Devèze, Abel de			179
Bool	Johannes		1782	180
Bosset	George François de	1781	1795	181
Aller	Evert van		1696	182
Beughem	Victor van			183
Loeff	Paulus		1756	184
Pahman	Balthasar			185
Schmiedberg				186
Meyer	Christiaan Frederik	1760	1807	187
Heck	Gillis van der			188
Serainchamps	François de	1677	1680	189
Leviston	Claude			190
Bonmassari	Giovanni Battista			191
Parisot	Charles	1705	1707	192
le	Bègue de Germiny, Joseph	1707	1714	193
Valle	Luigi della			194
Forstner	Wolfgang Jakob von			195
Fouchier	J.			196
Langen	C.B. de			197
Larber	Heinrich			198
Groot	Jacob de			199
Hetterman	Johann Heinrich (von)	1690	1711	200
Schnitzler	Caspar			201
Wiser	von Wiesenthal, Heinrich Franz Xaver von	1702	1703	202
Suter	Daniel			203
Bout	Adrianus			204
Efferen	Franz Ludwig Viktor von	1711	1716	205
Cats	Joan Arent van			206
Goldstein	Friedrich Theobald von	1718	1719	207
Suter	Philipp Wilhelm			208
Ulner	von Bieburg, L.B.			209
Schmidman	Franz	1726	1729	210
Asten	Gerard(us Jan) van			211
Gruithuysen	(van den Gruithuys), Pelgrim von	1651	1654	212
Hessingh	Johan			213
Roodere	Gerard de			214
Roy	Philippe Guillaume de			215
Sniffelaer	Casper			216
Hooreman	Nicolaas	1725	1764	217
Kervel	Johan Hendrik van	1766	1780	218
Kervel	Alexander van	1780	1801	219
Champagnier	von Kayserfeld, Johann Heinrich			220
Langen	Franz Friedrich von			221
Bosch	Hendrik			222
Bollo	Andreas von	1774	1777	223
Norff	Johan Conrad		1713	224
Tulemar	van			225
Vermeulen	Leonard		1730	226
Charon	(de) Saint Germain, Willem (Guillaume) de			227
Saine	de			228
IJsendoren	François van			229
Overschie	Cornelis			230
Abo	Constantijn			231
Daehne	Johann Christoph Wilhelm von	1789	1803	232
Bolomay	(Bolomey), Benjamin Samuel	1777	1791	233
Tancke	Martin			234
Fornenberg	Johan van			235
Lormier	Willem			236
Corput	Johannes Franc(iscus) van den			237
Slemp	Hendrik Coenraad	1772	1806	238
Wickevoort	Joachim de		1665	239
Sande	Christoffel Willem van			240
Möller	Christian Albrecht			241
Dalwigk	Johann Reinhard von	1702	1720	242
Vultejus	Johan			243
Janiçon	François Michel	1722	1730	244
Mann	Antoine	1739	1761	245
Warmholtz	Charles Gustave	1740	1741	246
Heteren	Hendrik van	1743	1749	247
Heeneman	Gijsbert	1762	1792	248
Oeynhausen	Karl Augustin (Peter Maria Joseph) von (der Schulenberg-)	1765	1769	249
Bütemeister	Wilhelm Leopold	1776	1794	250
Hinüber	George Charlotte von			251
Heeneman	Johan Gijsbert	1793	1804	252
Münchhausen	August Dietrich Wilhelm von	1808	1809	253
Gilsa	Carl Ludwig Philipp von und zu	1809	1810	254
Dellon	Johan		1696	255
Thun	Lodewijk van			256
Zanders	Johan (Jan) Gabriel	1752	1792	257
Zanders	Carel Christiaan	1793	1804	258
Renesse	Adriaen van			259
Renesse	van Baer, Pieter van		1611	260
Veeken	Johan van der	636		261
Veeken	Johan van der			262
Lützenrath	(Lützenrode), Adolf von	1650	1652	263
Boeckhorst	Johan Arnold von	1650	1652	264
Veeken	Ferdinand van der	1669	1679	265
Magis	Jean Francois	1715	1724	266
Hammerstein	Hans Werner von	1744	1745	267
Leykam	Franz Georg Sebastian von	1786	1794	268
Huneken	Hendrick			269
Weissenburg	Cornelis			270
Cortebrand	Abraham		1780	271
Schoorn	Carel Eduard	1780	1797	272
Berg	Jan van den			273
Snoeck	François			274
Luz				275
Veeken	Johan van der	1679	1686	276
Hulst	Jean Baptiste	1724	1754	277
Kervel	Alexander van		1760	278
Magis	Pierre François Gisbert de	1754	1788	279
Heezel	Gerbrand Coornhart van	1761		280
Ro	(c)queville, Claude de	1789	1793	281
Chestret	Maximilien-François-André de			282
Bulsingh	Gerard		1678	283
Stuerman	Bernhard			284
Rinck	Johan	1602	1609	285
Aitzema	Lieuwe (Leo) van			286
Dücker	zu Nieder-Rödinghausen, Bernhard Adolph von			287
Müller	Lorenz	1666	1670	288
Marenholtz	Asche Christoph von	1675	1676	289
Ortgiese	Johan Georg			290
Schmidt	Gustav Daniel von	1677	1680	291
Vinck	Cornelis			292
Zuijlen	van Nyevelt, Herman van			293
Stall	Diderick ten		1676	294
Campman	Hermanus			295
Bachman	Godfried			296
Luntius	(Lontius), Johannes			297
Noordingen	Dirck van	1644		298
Pesser	Johan	1669	1670	299
Alting	Basilius	1670	1696	300
Paulli	von Rosenschild, Jacob Henrik			301
Breijer	Gerard		1737	302
Stuerman	Thomas Ernst			303
Kempenaer	Johan de			304
Maltzahn	Woldemar			305
Meerloo	Johan Antonij van			306
Johnson	Alexander			307
la	Rivière, H. de			308
Johnson	Thomas			309
Wickevoort	Abraham van	1660	1678	310
la	Rocquette, de			311
Petersen	Jacob de			312
Heck	Gillis van der		1677	313
Wickevoort	Abraham de		1706	314
Sinold	gennant Schütz, Ludwig Justus	1680	1688	315
Bueno	de Mesquita, David (van Jacob)			316
Schlitz	gennant von Görtz, Friedrich Wilhelm von	1690	1694	317
Kotzebue	Johann Ferdinand			318
Bothmer	Hans (Johann) Kaspar von	1696	1714	319
Klinggräff	Elias von	1701	1717	320
Lamberty				321
Bosch	Mattheus	738		322
Arnoldi	Willem		1722	323
Spörcken	Rudolph Ulrich von	1721	1766	324
Laurenzy	(Laurentius), Ernst	1738	1763	325
Herbst	Johann Georg		1745	326
Siegel	(Johan) Valentin	1685	1727	327
Tietzen	genannt Schlueter, Hermann			328
Dehn	Friedrich Ludwig von	1728		329
Rousset	de Missy, Jean			330
Deneken	Nicolaus von	1745	1761	331
Rijswijck	Johan van			332
Meinertzhagen	Johan	1738	1747	333
Klefeker	Martin Michael	1763	1778	334
Martens	Karl Wilhelm von	1779	1791	335
Bois	Pierre Frederik du	1782	1793	336
Leuwe	Augustus Godlof van	1752	1754	337
Hatzel	Louis von			338
Brasser	Willem			339
Bye	Nicolaes de	1632	1665	340
Pels	Pieter	1677	1698	341
Vos	Harman			342
Barner	(Berner), Johan Albrecht von	1713	1714	343
Flohr	Laurenz von			344
Adriani	von Groet, Gottfried Andreas	1733	1747	345
Hamilton	Karl Otto von	1738	1739	346
Mulder	Lambertus		1762	347
Schildt	Axel Christopher von	1747	1752	348
Ellinckhuizen	(Ellinckhuysen), Arend	1762	1782	349
Pinet	Daniel			350
Wijn	Abraham van	1782	1784	351
Wijn	Lodewijkvan			352
Münchhausen	Benjamin von			353
Crivitz	Gottfried	1649	1650	354
Möller	Johann			355
la	Cour, Pierre de (Samuel Gomes Cotinho)			356
Taddel				357
Ferrier	Michiel			358
Soust	de Borckenfeldt, Simon von			359
Bruzen	de la Martinière, (Antoine, Martinus) Augustin			360
Bluhme				361
Sticke	Hendrick	1614	1620	362
Merode	Floris van	1622	1627	363
Heimbach	Christian von			364
Moll	Christiaen	1647	1649	365
Copes	Johan	1649	1669	366
Weimann	Daniel	1655	1661	367
Blaspiel	Werner Wilhelm von	1661	1679	368
Romswinckel	Matthias	1665	1681	369
Diest	Friedrich Wilhelm von	1681	1688	370
Diest	Heinrich von	1688	1689	371
Schmettau	Wolfgang von	1690	1698	372
Canitz	Friedrich Rudolph Ludwig von	1698	1699	373
Bondeli	Simeon Gabriel von			374
Meinertzhagen	Daniel	1710	1730	375
Hymmen	Reinhart von	1711	1713	376
Stahan	Johannes van			377
Masch	Johann	1730	1734	378
Meinertzhagen	Johann Gerhard	1730	1732	379
Luiscius	Abraham George	1732	1739	380
Raesfeld	(t), Johann Peter von	1739	1742	381
Podewils	Otto Christoph von	1742	1745	382
Douglas	Abraham (1721-1806)	1744	1747	383
Ammon	Christoph Heinrich von	1745	1749	384
Commun	David du	1750	1751	385
Hellen	Wilhelm Bruno von der	1751	1763	386
Thulemeier	Friedrich Wilhelm von	1763	1788	387
Alvensleben	Philipp Karl von	1788		388
Renfner	Heinrich	1789	1790	389
Keller	Dorotheus Ludwig Christoph von	1790	1795	390
Bielfeld	von			391
Caesar	Carl Heinrich von	1803	1806	392
Scholtz	Hieronymus Gottfried	1806		393
Küster	Johann Emanuel von	1807	1808	394
Niebuhr	Barthold Georg	1808	1809	395
Knobelsdorff	Friedrich Wilhelm Ernst von	1809	1810	396
Hazen	Johan	1612	1613	397
Meinertzhagen	Abraham von			398
Meinertzhagen	Isaak von	1748	1750	399
Heerenberg	Daniël 's	1755	1789	400
Sontag	Johann Wilhelm Philip		1789	401
Superville	Daniel de	1770	1773	402
Hünicke	Albrecht Friedrich von	1683		403
Willius	von Willisen, Emanuel	1683	1685	404
Gersdorff	Wolf Abraham von	1691	1719	405
Friesen	Otto Heinrich von			406
Bose	Christoph Dietrich von			407
Taparelli	von Lagnasco, Peter Robert	1707	1710	408
Werthern	Georg von	1710	1713	409
Brose	Claude de	1721	1750	410
Dijk	Philippus Bartholomeus Linden van			411
Kauderbach	Johan Henrich	1750	1766	412
Bois	Jean Pierre Isaaq du	1766	1779	413
Meuschen	Friedrich Christian			414
Kop	Cornelis van der	1763	1805	415
Endt	Johann Aegidius			416
Langemach	Otto			417
Cavallier	Pierre			418
Eckholt	Johan Tobias			419
Hettler				420
Kop	Cornelis van der			421
Avemann	Adolph Christian	1689	1706	422
Happen	R.			423
Hacke	Philipp Gottfried			424
Röver	Gaspar			425
Hallungius	Johan	1709	1727	426
Nehring	Johan Anthoni			427
Lehen	Zacharias von			428
Schröder	Samuel	1732	1754	429
Christ	Albert (Emanuel)	1754	1760	430
Henzi	Rudolf Samuel			431
Vatebender	Gerard Karel Koenraad			432
Mariaborcht	Johan			433
Strick	Adriaen	1619	1623	434
Vinck	Cornelius			435
Vosbergen	Josias van	1627	1628	436
Schultetus	Johannes	1628	1629	437
Arenfeldt	Axel	1629	1630	438
Roch	Peter Christian	1648	1650	439
Edingh	Johannes Vilhelm	1650	1651	440
Charisius	Peter	1651	1669	441
Klingenberg	Poul von	1665	1667	442
Gjøe	Marcus	1669	1672	443
Høg	Just	1672	1675	444
Meyercrone	Henning (Meyer)	1676	1679	445
Lente	Christian von	1679	1680	446
Petkum	Simon de	1680	1682	447
Burchard	Jørgen	1682	1684	448
Juel	af Juelling, Jens	1684	1685	449
Krag	Frederik	1685	1688	450
Paulsen	Johan	1698		451
Friis	til Friisenborg, Niels	1698	1699	452
Hannecken	Anton Günther	1699		453
Stöcken	Hans Heinrich von			454
Schnell	Vilhelm		1714	455
Stöcken	Hans Heinrich von	1709	1710	456
Ahlefeldt	Hans Henrik von			457
Doll	Bernard	1710	1714	458
Ourijk	(Aurich), Johan van	1710	1724	459
Gähler	Caspar	1714	1721	460
Griis	Niels	1717	1746	461
Lange	(Christian) August Joakim	1746	1749	462
Dehn	genannt Pot, Conrad Detlev von	1749	1753	463
Schütze	Gottlieb	1753		464
Cheusses	Frédéric Henry de	1753	1769	465
Schopman	Johannes	1755	1779	466
la	Pottrie, Frederik Carl de	1769	1772	467
Ahlefeldt	Hans Adolph von	1772	1773	468
Juel	Christian Sehested	1773	1778	469
Klopstock	Carl Christof	1778	1779	470
Mestral	de St. Saphorin, Armand François Louis de	1779	1784	471
Rosenkrantz	Niels	1784		472
Schubart	Herman	1784	1785	473
Wedel	til Jarlsberg, Frederik Anton	1785	1789	474
Levsen	Christian	1797	1798	475
Scholten	van Oud-Haarlem, Willem	1798		476
Luckner	Ferdinand	1798	1801	477
Fursman	Johan Theophilus	1801	1803	478
Danneskiold	-Løvendal, François Xavier Joseph	1803	1808	479
Scavenius	Christian	1808	1809	480
Moltke	Carl Emil	1809	1810	481
Coopmans	Edzard Willem	1810		482
Joosten	(Jostinck), Gerard			483
Dijck	Jacob van	1610	1620	484
Rutgers	(Rutgersius Vinandius), Johan (Janus)	1623	1625	485
Camerarius	Ludwig	1626	1641	486
Silfvercrona	Pieter Spierinck	1636	1649	487
Appelbom	Harald	1650	1674	488
Silfvercrona	Johan Philip (van Bommert)	1652	1654	489
Sparre	Gustaf Larsson	1655		490
Coyet	Peter Julius	1659	1660	491
Dohna	Christoph Delphicus zu	1667	1668	492
Ehrenstéen	Edvard Filipsson	1673	1675	493
Appelbom	Carl	1674		494
Gyldenstolpe	Nils	1680	1689	495
Cantersten	Carl	1681	1684	496
Oxenstierna	Gabriel	1689	1691	497
Friesendorff	von Cronenwerth, Carl Gustav von	1691	1700	498
Lillieroot	Nils (Eosander)	1692	1703	499
Palmqvist	Johan	1703	1715	500
Preis	Joakim Fredrik	1714	1759	501
Creutz	Carl Johann	1759	1775	502
Geer	af Leufstra, Emanuel de	1775	1779	503
Heidenstam	Peter von	1779	1780	504
Ehrensvärd	Gustaf Johan	1780	1782	505
Asp	Per Alof von	1782	1783	506
Schultz	von Ascheraden, Carl Gustaf			507
Bunge	Mårten	1787	1789	508
Löwenhielm	Fredrik Adolf von			509
Tersmeden	Carl Mauritz	1805	1806	510
Moreau	Antoine	1685	1692	511
Moreau	Antoine	1685	1692	512
Zawisza	Wincenty	1765	1767	513
Burzynski	Tadeusz	1769		514
Oginski	Michal	1790	1791	515
Middleton	Augustyn	1791	1795	516
Wüstenhoff	Georg	1656	1660	517
Groot	Willem de			518
Groot	Johan de		1678	519
Schas	Adriaan			520
Volckershoven	Pieter van	1671	1673	521
Tongeren	Johan van			522
Pre	(Pré, Pree, Preen), Abraham du			523
Burcht	Johan van der			524
Praetorius	Johann Christoffel		1704	525
Hebdon	Ivan (Johan)			526
Matveev	Andrej Artamonovic	1700	1712	527
Kurakin	Boris Ivanovic			528
Brants	Christoffel van	1723	1725	529
Golovkin	Ivan Gavrilovic	1725	1728	530
Golovkin	Aleksandr Gavrilovic	1731	1760	531
Korobov	Grigorij			532
Chotinskij	Nikolaj Konstantinovic			533
Gross	Heinrich von	1761	1764	534
Voroncov	Aleksandr Romanovic	1764	1768	535
Voroncov	Ivan Andreevic	1768	1769	536
Musin	-Puskin, Aleksej Semenovic	1769		537
Dubrovskoi	Adrien	1769	1770	538
Golicyn	Dmitri Alekseevic	1770	1782	539
Morkov	(Markov), Arkadij Ivanovic			540
Dimitovskij		1783		541
Kolycév	Stepan Alekseevic	1783	1795	542
Novikov	Michail Semenovic	1795		543
Gugberg	Pavel	1802	1803	544
Stackelberg	Gustav Ernst (Ottonovic) von	1802	1805	545
Nesselrode	Karl Robert (Vasil'jevic) (von)	1805	1806	546
Dolgorukij	Sergej (II) Nikolaevic	1808	1810	547
Smirnov	Ivan	1810		548
Azevedo	(Salom de Azevedo), Louis (David)	1680	1683	549
Palache	Samuel	1604	1616	550
Palache	Joseph	1610	1637	551
Palache	David			552
Toledano	Joseph (Haim)	1688	1693	553
Toledano	Moses	1699	1700	554
Brun	Antoine	1649	1654	555
Richard	Vincent	1654	1655	556
Gamarra	y Contreras, Estevan de	1655	1671	557
Lira	y Castillo, Manuel Francisco de	1671	1679	558
Salinas	Bernardo de	1673	1674	559
Coloma	y Escolano de Canales, Manuel de	1687	1691	560
Quirós	Francisco Bernardo de			561
Zinzerling	Franz Adolf von	1708	1718	562
Miraval	y Spinola Lobatón y Piña de Miraval, Luis Félix de	1715		563
Oliver	y Fullana, Nicolas Antonio de	1715	1716	564
Verzuso	di Beretti-Landi, Lorenzo di	1716	1721	565
Costa	Joseph Manuel da			566
Casado	de Azeveda y Rosales de Monteleon, Isidro	1721	1725	567
Bacallar	y Sanna de San Felipe, Vicente de	1726		568
Bazán	y Melo Escobar y Demonte de San Gil, Joaquin Antonio de	1735	1746	569
le	Maire, Pedro	1746		570
Barranechea	y Erquiñigo Múgica y Ocáriz del Puerto, Joaquín Ignacio de	1746	1753	571
la	Quadra, Antonio de	1753	1755	572
Grimaldi	Palavicini y Spinola de Grimaldi, Pablo Jeronimo	1755	1761	573
Uriondo	Juan Manuel de	1761		574
Barranechea	de Puente Fuerte y del Burgo, Pablo de	1761	1770	575
Renovales	Eugenio	1770	1771	576
Navia	Osorio y Villet de la Herreria, Álvaro de	1771	1780	577
Llano	y de la Quadra de Sanafé, Sebastián de			578
Corral	y Aguirre, Ignacio María del			579
Echevería	y Corral, Agustin			580
Anduaga	José de	1796	1803	581
Ruiz	Lorenzo, Francisco (de)	1803		582
Bouligny	y Marconie, José Eliodoro de	1803	1805	583
Gómez	de Terán y Negrete, Leonardo	1810		584
Kieffelt	Bartholomeus			585
Menconça	Furtado, Tristão de	1641		586
Andrade	Leitao, Francisco de	1642	1644	587
Sousa	Coutinho, Francisco de	1643	1650	588
Sousa	de Macedo, Antonio de	1650	1652	589
Raposo	Antonio	1652	1656	590
Telles	de Faro de Arada, Fernando	1658	1659	591
Sousa	Tavares de Arronches de Miranda do Corvo, Henrique de			592
Lopes	Ulhoa, Diogo	1663	1669	593
Melo	(Manuel da Camara), Francisco de	1669	1670	594
Curiel	(Nunes da Costa), Moseh (Jeronimo)	1670	1690	595
Mendonça	Côrte Real, Diogo de	1691	1694	596
Sousa	Pacheco, Francisco de	1694	1709	597
Henriquez	Carneiro, Francisco	1709	1710	598
Gomes	da Silva de Tarouca, João	1710	1726	599
Sequeira	Manuel de	1720	1722	600
Mendonça	Côrte Real, Diogo	1723	1728	601
Cunha	Manuel, Luís da	1728	1748	602
Galvão	de Lacerda, Gonçalo Manuel			603
Freire	de Andrade e Castro, Manuel	1748		604
Pareira	Fidalgo, Joachim José			605
Silva	Pessanha, José da	1751	1753	606
Melo	e Castro, Martinho de	1753	1756	607
Freire	de Andrade Encerrabodes, Antonio	1756	1759	608
Sá	Pereira de Anadia, José António de			609
Costa	de Almeida Salema, Pedro da	1762	1766	610
Vasques	Alvares da Cunha da Cunha, José	1766	1776	611
Horta	Osório Machado, Francisco José da	19		612
Sousa	Holstein, Augusto António de	1779	1781	613
Almeida	Beja e Noronha de Mello e Castro das Galveias, João Theotonio de	1782	1787	614
Campos	Silva (Cruz), Antonius de			615
Araújo	e Azevedo da Barca, Antonio d'	1790	1802	616
Bezerra	de Seixas, João Paolo	1802	1809	617
Sallier	de la Tour di Cordon e Combloux, Filiberto	1690	1696	618
Normandie	Johan Anthonie de	1697	1730	619
Maffei	Annibale	1701		620
Solaro	di Moretta del Borgo, Ignazio Francesco	1703	1713	621
Donaudi	Filippo Nicola	1711	1713	622
Osorio	Alarcon, Giuseppe	1725	1729	623
Caissotti	di Chiusano, Francesco Antonio Gabriele Giacinto	1730	1733	624
Putter	Michiel de			625
Malabaila	di Canale, Gerolamo Luigi	1733	1736	626
Borré	de La Chavanne, Joseph	1736	1749	627
Viry	Francesco Giuseppe de	1751	1754	628
Lascaris	de Castellar, Francesco Giuseppe Maria Vincento	1754	1760	629
Ferrero	della Marmora, Filippo	1760	1763	630
Viry	de la Perrière, Francesco Maria Guiseppe Giustino	1764	1765	631
Sallier	de la Tour di Cordon, Vittorio Amadeo	1769	1774	632
Vivalda	di Castellino, Filippo	1774	1777	633
Montagnini	di Mirabello, Carlo Ignazio Domenico	1778	1790	634
Thaon	di San Andrea e Revel di Pralungo, Ignazio	1790	1792	635
Plenti	de	1795	1798	636
Bossi	Carlo Aurelio (Giuseppe)	1798		637
Viale	Benedetto	1709	1710	638
Viale	Benedetto	1709	1710	639
Sorba	Giovan Battista	1712	1714	640
Pallavicino	Gian Francesco	1745	1746	641
Villavecchia	Felice Vincenzo	1746	1749	642
Massardo	Nicola			643
Galdi	Matteo Angelo	1799	1808	644
Baldini	Giovanni Antonio	1710	1716	645
Re	Claudio Francesco			646
Cascos	de Villa de Moros, Juan			647
Bergomi	Giovanni Francesco	1709	1714	648
Neesen	Jan van der			649
Nay	de Richecourt, Henry-(Louis-)Hyacinthe de			650
Pin	Joannes Baptista de			651
Sforza	-Fogliani d'Aragona, Giovanni	1740	1746	652
Finochietti	di Faulon, Giuseppe	1747	1753	653
Carpentier	Marc Antoine	1757	1758	654
Catani	Giacinto	1762	1766	655
Riario	Sforza di Grimma, Giovanni			656
Imperiale	di Sant'Angelo, Giulio	1808	1810	657
Bettenbourg	S. de			658
Suriano	Christoforo	1616	1623	659
Morosini	Marc'Antonio	1623	1624	660
Contarini	Alvise	1624	1626	661
Giorgi	(Zorzi), Giorgio	1626		662
Soranzo	Giovanni	1627	1629	663
Gussoni	Vincenzo	1629	1631	664
Contarini	Alvise	1631	1634	665
Michiel	Francesco	1634	1637	666
Giustiniani	Girolamo (Geronimo)	1637	1641	667
Zon	Giovanni	1641	1643	668
Capitano	Giuseppe	1697		669
Foscarini	Sebastiano	1709	1711	670
Ruzzini	Carlo	1712	1713	671
Vicenti	Giovanni Maria	1713	1714	672
Arigoni	Giovanni	1715	1723	673
Arigoni	Hieronymus (Girolamo) Arnoldus Thomas	1722	1729	674
Tron	Andrea	1743	1745	675
Valotti	Diogene	1760	1761	676
Salis	Peter von	1709	1713	677
la	Sarraz, George Louis de	1714	1718	678
Normandie	Gabriel de	1738	1745	679
Chais	Charles			680
Dumas	Carel Wilhelm Frederik	1776	1795	681
Adams	John	1782	1788	682
Short	William	1792		683
Adams	John Quincy	1794	1797	684
Murray	William Vans	1797	1801	685
\.

COPY records (_id,id,url_id) FROM stdin;
1	2	1
2	3	2
3	4	3
4	5	4
5	6	5
6	7	6
7	8	7
8	9	8
9	10	9
10	11	10
11	12	11
12	13	12
13	14	13
14	15	14
15	16	15
16	17	16
17	18	17
18	19	18
19	20	19
20	21	20
21	22	21
22	23	22
23	24	23
24	25	24
25	26	25
26	27	26
27	28	27
28	29	28
29	30	29
30	31	30
31	32	31
32	33	32
33	34	33
34	35	34
35	36	35
36	37	36
37	38	37
38	39	38
39	40	39
40	41	40
41	42	41
42	43	42
43	44	43
44	45	44
45	46	45
46	47	46
47	48	47
48	49	48
49	50	49
50	51	50
51	52	51
52	53	52
53	54	53
54	55	54
55	56	55
56	57	56
57	58	57
58	59	58
59	60	59
60	61	60
61	62	61
62	63	62
63	64	63
64	65	64
65	66	65
66	67	66
67	68	67
68	69	68
69	70	69
70	71	70
71	72	71
72	73	72
73	74	73
74	75	74
75	76	75
76	77	76
77	78	77
78	79	78
79	80	79
80	81	80
81	82	81
82	83	82
83	84	83
84	85	84
85	86	85
86	87	86
87	88	87
88	89	88
89	90	89
90	91	90
91	92	91
92	93	92
93	94	93
94	95	94
95	96	95
96	97	96
97	98	97
98	99	98
99	100	99
100	101	100
101	102	101
102	103	102
103	104	103
104	105	104
105	106	105
106	107	106
107	108	107
108	109	108
109	110	109
110	111	110
111	112	111
112	113	112
113	114	113
114	115	114
115	116	115
116	117	116
117	118	117
118	119	118
119	120	119
120	121	120
121	122	121
122	123	122
123	124	123
124	125	124
125	126	125
126	127	126
127	128	127
128	129	128
129	130	129
130	131	130
131	132	131
132	133	132
133	134	133
134	135	134
135	136	135
136	137	136
137	138	137
138	139	138
139	140	139
140	141	140
141	142	141
142	143	142
143	144	143
144	145	144
145	146	145
146	147	146
147	148	147
148	149	148
149	150	149
150	151	150
151	152	151
152	153	152
153	154	153
154	155	154
155	156	155
156	157	156
157	158	157
158	159	158
159	160	159
160	161	160
161	162	161
162	163	162
163	164	163
164	165	164
165	166	165
166	167	166
167	168	167
168	169	168
169	170	169
170	171	170
171	172	171
172	173	172
173	174	173
174	175	174
175	176	175
176	177	176
177	178	177
178	179	178
179	180	179
180	181	180
181	182	181
182	183	182
183	184	183
184	185	184
185	186	185
186	187	186
187	188	187
188	189	188
189	190	189
190	191	190
191	192	191
192	193	192
193	194	193
194	195	194
195	196	195
196	197	196
197	198	197
198	199	198
199	200	199
200	201	200
201	202	201
202	203	202
203	204	203
204	205	204
205	206	205
206	207	206
207	208	207
208	209	208
209	210	209
210	211	210
211	212	211
212	213	212
213	214	213
214	215	214
215	216	215
216	217	216
217	218	217
218	219	218
219	220	219
220	221	220
221	222	221
222	223	222
223	224	223
224	225	224
225	226	225
226	227	226
227	228	227
228	229	228
229	230	229
230	231	230
231	232	231
232	233	232
233	234	233
234	235	234
235	236	235
236	237	236
237	238	237
238	239	238
239	240	239
240	241	240
241	242	241
242	243	242
243	244	243
244	245	244
245	246	245
246	247	246
247	248	247
248	249	248
249	250	249
250	251	250
251	252	251
252	253	252
253	254	253
254	255	254
255	256	255
256	257	256
257	258	257
258	259	258
259	260	259
260	261	260
261	262	261
262	263	262
263	264	263
264	265	264
265	266	265
266	267	266
267	268	267
268	269	268
269	270	269
270	271	270
271	272	271
272	273	272
273	274	273
274	275	274
275	276	275
276	277	276
277	278	277
278	279	278
279	280	279
280	281	280
281	282	281
282	283	282
283	284	283
284	285	284
285	286	285
286	287	286
287	288	287
288	289	288
289	290	289
290	291	290
291	292	291
292	293	292
293	295	293
294	296	294
295	297	295
296	298	296
297	300	297
298	301	298
299	302	299
300	303	300
301	304	301
302	305	302
303	306	303
304	307	304
305	308	305
306	309	306
307	310	307
308	311	308
309	312	309
310	313	310
311	314	311
312	315	312
313	316	313
314	317	314
315	318	315
316	319	316
317	320	317
318	321	318
319	322	319
320	323	320
321	324	321
322	325	322
323	326	323
324	327	324
325	328	325
326	329	326
327	330	327
328	331	328
329	332	329
330	333	330
331	334	331
332	335	332
333	336	333
334	337	334
335	338	335
336	339	336
337	340	337
338	341	338
339	342	339
340	343	340
341	344	341
342	345	342
343	346	343
344	347	344
345	348	345
346	349	346
347	350	347
348	351	348
349	352	349
350	353	350
351	354	351
352	355	352
353	356	353
354	357	354
355	358	355
356	359	356
357	360	357
358	361	358
359	362	359
360	363	360
361	364	361
362	365	362
363	366	363
364	367	364
365	368	365
366	369	366
367	370	367
368	371	368
369	372	369
370	373	370
371	374	371
372	375	372
373	376	373
374	377	374
375	378	375
376	379	376
377	380	377
378	381	378
379	382	379
380	383	380
381	384	381
382	385	382
383	386	383
384	387	384
385	388	385
386	389	386
387	390	387
388	391	388
389	392	389
390	393	390
391	394	391
392	395	392
393	396	393
394	397	394
395	398	395
396	399	396
397	400	397
398	401	398
399	402	399
400	403	400
401	404	401
402	405	402
403	406	403
404	407	404
405	408	405
406	409	406
407	410	407
408	411	408
409	412	409
410	413	410
411	414	411
412	415	412
413	416	413
414	417	414
415	418	415
416	419	416
417	420	417
418	421	418
419	422	419
420	423	420
421	424	421
422	425	422
423	426	423
424	427	424
425	428	425
426	429	426
427	430	427
428	431	428
429	432	429
430	433	430
431	434	431
432	435	432
433	436	433
434	437	434
435	438	435
436	439	436
437	440	437
438	441	438
439	442	439
440	443	440
441	444	441
442	445	442
443	446	443
444	447	444
445	448	445
446	449	446
447	450	447
448	451	448
449	452	449
450	453	450
451	454	451
452	455	452
453	456	453
454	457	454
455	458	455
456	459	456
457	460	457
458	461	458
459	462	459
460	463	460
461	464	461
462	465	462
463	466	463
464	467	464
465	468	465
466	469	466
467	470	467
468	471	468
469	472	469
470	473	470
471	474	471
472	475	472
473	476	473
474	477	474
475	478	475
476	479	476
477	480	477
478	481	478
479	482	479
480	483	480
481	484	481
482	485	482
483	486	483
484	487	484
485	488	485
486	489	486
487	490	487
488	491	488
489	492	489
490	493	490
491	494	491
492	495	492
493	496	493
494	497	494
495	498	495
496	499	496
497	500	497
498	501	498
499	502	499
500	503	500
501	504	501
502	505	502
503	506	503
504	507	504
505	508	505
506	509	506
507	510	507
508	511	508
509	512	509
510	513	510
511	514	511
512	514	512
513	515	513
514	516	514
515	517	515
516	518	516
517	520	517
518	521	518
519	522	519
520	523	520
521	524	521
522	525	522
523	526	523
524	527	524
525	528	525
526	529	526
527	530	527
528	531	528
529	532	529
530	533	530
531	534	531
532	535	532
533	536	533
534	537	534
535	538	535
536	539	536
537	540	537
538	541	538
539	542	539
540	543	540
541	544	541
542	545	542
543	546	543
544	547	544
545	548	545
546	549	546
547	550	547
548	551	548
549	552	549
550	553	550
551	554	551
552	555	552
553	556	553
554	557	554
555	558	555
556	559	556
557	560	557
558	561	558
559	562	559
560	563	560
561	564	561
562	565	562
563	566	563
564	567	564
565	568	565
566	569	566
567	570	567
568	571	568
569	572	569
570	573	570
571	574	571
572	575	572
573	576	573
574	577	574
575	578	575
576	579	576
577	580	577
578	581	578
579	582	579
580	583	580
581	584	581
582	585	582
583	586	583
584	587	584
585	588	585
586	589	586
587	590	587
588	591	588
589	592	589
590	593	590
591	594	591
592	595	592
593	596	593
594	597	594
595	598	595
596	599	596
597	600	597
598	601	598
599	602	599
600	603	600
601	604	601
602	605	602
603	606	603
604	607	604
605	608	605
606	609	606
607	610	607
608	611	608
609	612	609
610	613	610
611	614	611
612	615	612
613	616	613
614	617	614
615	618	615
616	619	616
617	620	617
618	621	618
619	622	619
620	623	620
621	624	621
622	625	622
623	626	623
624	627	624
625	628	625
626	629	626
627	630	627
628	631	628
629	632	629
630	633	630
631	634	631
632	635	632
633	636	633
634	637	634
635	638	635
636	639	636
637	640	637
638	641	638
639	641	639
640	642	640
641	643	641
642	644	642
643	645	643
644	646	644
645	647	645
646	648	646
647	649	647
648	650	648
649	651	649
650	652	650
651	653	651
652	654	652
653	655	653
654	656	654
655	657	655
656	658	656
657	659	657
658	660	658
659	661	659
660	662	660
661	663	661
662	664	662
663	665	663
664	666	664
665	667	665
666	668	666
667	669	667
668	670	668
669	671	669
670	672	670
671	673	671
672	674	672
673	675	673
674	676	674
675	677	675
676	678	676
677	679	677
678	680	678
679	681	679
680	682	680
681	683	681
682	684	682
683	685	683
684	686	684
685	687	685
\.

COPY links (_id,href) FROM stdin;
1	http://resources.huygens.knaw.nl/retroapp/service_schutte/service_schutte/schutte_1/html/schutte_buitenlandsevertegenwoordigersinnederland_0002.html
2	http://resources.huygens.knaw.nl/retroapp/service_schutte/service_schutte/schutte_1/html/schutte_buitenlandsevertegenwoordigersinnederland_0003.html
3	http://resources.huygens.knaw.nl/retroapp/service_schutte/service_schutte/schutte_1/html/schutte_buitenlandsevertegenwoordigersinnederland_0004.html
4	http://resources.huygens.knaw.nl/retroapp/service_schutte/service_schutte/schutte_1/html/schutte_buitenlandsevertegenwoordigersinnederland_0005.html
5	http://resources.huygens.knaw.nl/retroapp/service_schutte/service_schutte/schutte_1/html/schutte_buitenlandsevertegenwoordigersinnederland_0006.html
6	http://resources.huygens.knaw.nl/retroapp/service_schutte/service_schutte/schutte_1/html/schutte_buitenlandsevertegenwoordigersinnederland_0007.html
7	http://resources.huygens.knaw.nl/retroapp/service_schutte/service_schutte/schutte_1/html/schutte_buitenlandsevertegenwoordigersinnederland_0007.html
8	http://resources.huygens.knaw.nl/retroapp/service_schutte/service_schutte/schutte_1/html/schutte_buitenlandsevertegenwoordigersinnederland_0007.html
9	http://resources.huygens.knaw.nl/retroapp/service_schutte/service_schutte/schutte_1/html/schutte_buitenlandsevertegenwoordigersinnederland_0008.html
10	http://resources.huygens.knaw.nl/retroapp/service_schutte/service_schutte/schutte_1/html/schutte_buitenlandsevertegenwoordigersinnederland_0009.html
11	http://resources.huygens.knaw.nl/retroapp/service_schutte/service_schutte/schutte_1/html/schutte_buitenlandsevertegenwoordigersinnederland_0011.html
12	http://resources.huygens.knaw.nl/retroapp/service_schutte/service_schutte/schutte_1/html/schutte_buitenlandsevertegenwoordigersinnederland_0013.html
13	http://resources.huygens.knaw.nl/retroapp/service_schutte/service_schutte/schutte_1/html/schutte_buitenlandsevertegenwoordigersinnederland_0013.html
14	http://resources.huygens.knaw.nl/retroapp/service_schutte/service_schutte/schutte_1/html/schutte_buitenlandsevertegenwoordigersinnederland_0013.html
15	http://resources.huygens.knaw.nl/retroapp/service_schutte/service_schutte/schutte_1/html/schutte_buitenlandsevertegenwoordigersinnederland_0014.html
16	http://resources.huygens.knaw.nl/retroapp/service_schutte/service_schutte/schutte_1/html/schutte_buitenlandsevertegenwoordigersinnederland_0014.html
17	http://resources.huygens.knaw.nl/retroapp/service_schutte/service_schutte/schutte_1/html/schutte_buitenlandsevertegenwoordigersinnederland_0014.html
18	http://resources.huygens.knaw.nl/retroapp/service_schutte/service_schutte/schutte_1/html/schutte_buitenlandsevertegenwoordigersinnederland_0015.html
19	http://resources.huygens.knaw.nl/retroapp/service_schutte/service_schutte/schutte_1/html/schutte_buitenlandsevertegenwoordigersinnederland_0016.html
20	http://resources.huygens.knaw.nl/retroapp/service_schutte/service_schutte/schutte_1/html/schutte_buitenlandsevertegenwoordigersinnederland_0018.html
21	http://resources.huygens.knaw.nl/retroapp/service_schutte/service_schutte/schutte_1/html/schutte_buitenlandsevertegenwoordigersinnederland_0018.html
22	http://resources.huygens.knaw.nl/retroapp/service_schutte/service_schutte/schutte_1/html/schutte_buitenlandsevertegenwoordigersinnederland_0019.html
23	http://resources.huygens.knaw.nl/retroapp/service_schutte/service_schutte/schutte_1/html/schutte_buitenlandsevertegenwoordigersinnederland_0020.html
24	http://resources.huygens.knaw.nl/retroapp/service_schutte/service_schutte/schutte_1/html/schutte_buitenlandsevertegenwoordigersinnederland_0021.html
25	http://resources.huygens.knaw.nl/retroapp/service_schutte/service_schutte/schutte_1/html/schutte_buitenlandsevertegenwoordigersinnederland_0021.html
26	http://resources.huygens.knaw.nl/retroapp/service_schutte/service_schutte/schutte_1/html/schutte_buitenlandsevertegenwoordigersinnederland_0021.html
27	http://resources.huygens.knaw.nl/retroapp/service_schutte/service_schutte/schutte_1/html/schutte_buitenlandsevertegenwoordigersinnederland_0022.html
28	http://resources.huygens.knaw.nl/retroapp/service_schutte/service_schutte/schutte_1/html/schutte_buitenlandsevertegenwoordigersinnederland_0023.html
29	http://resources.huygens.knaw.nl/retroapp/service_schutte/service_schutte/schutte_1/html/schutte_buitenlandsevertegenwoordigersinnederland_0023.html
30	http://resources.huygens.knaw.nl/retroapp/service_schutte/service_schutte/schutte_1/html/schutte_buitenlandsevertegenwoordigersinnederland_0025.html
31	http://resources.huygens.knaw.nl/retroapp/service_schutte/service_schutte/schutte_1/html/schutte_buitenlandsevertegenwoordigersinnederland_0026.html
32	http://resources.huygens.knaw.nl/retroapp/service_schutte/service_schutte/schutte_1/html/schutte_buitenlandsevertegenwoordigersinnederland_0026.html
33	http://resources.huygens.knaw.nl/retroapp/service_schutte/service_schutte/schutte_1/html/schutte_buitenlandsevertegenwoordigersinnederland_0026.html
34	http://resources.huygens.knaw.nl/retroapp/service_schutte/service_schutte/schutte_1/html/schutte_buitenlandsevertegenwoordigersinnederland_0027.html
35	http://resources.huygens.knaw.nl/retroapp/service_schutte/service_schutte/schutte_1/html/schutte_buitenlandsevertegenwoordigersinnederland_0027.html
36	http://resources.huygens.knaw.nl/retroapp/service_schutte/service_schutte/schutte_1/html/schutte_buitenlandsevertegenwoordigersinnederland_0028.html
37	http://resources.huygens.knaw.nl/retroapp/service_schutte/service_schutte/schutte_1/html/schutte_buitenlandsevertegenwoordigersinnederland_0029.html
38	http://resources.huygens.knaw.nl/retroapp/service_schutte/service_schutte/schutte_1/html/schutte_buitenlandsevertegenwoordigersinnederland_0029.html
39	http://resources.huygens.knaw.nl/retroapp/service_schutte/service_schutte/schutte_1/html/schutte_buitenlandsevertegenwoordigersinnederland_0030.html
40	http://resources.huygens.knaw.nl/retroapp/service_schutte/service_schutte/schutte_1/html/schutte_buitenlandsevertegenwoordigersinnederland_0030.html
41	http://resources.huygens.knaw.nl/retroapp/service_schutte/service_schutte/schutte_1/html/schutte_buitenlandsevertegenwoordigersinnederland_0031.html
42	http://resources.huygens.knaw.nl/retroapp/service_schutte/service_schutte/schutte_1/html/schutte_buitenlandsevertegenwoordigersinnederland_0032.html
43	http://resources.huygens.knaw.nl/retroapp/service_schutte/service_schutte/schutte_1/html/schutte_buitenlandsevertegenwoordigersinnederland_0033.html
44	http://resources.huygens.knaw.nl/retroapp/service_schutte/service_schutte/schutte_1/html/schutte_buitenlandsevertegenwoordigersinnederland_0033.html
45	http://resources.huygens.knaw.nl/retroapp/service_schutte/service_schutte/schutte_1/html/schutte_buitenlandsevertegenwoordigersinnederland_0034.html
46	http://resources.huygens.knaw.nl/retroapp/service_schutte/service_schutte/schutte_1/html/schutte_buitenlandsevertegenwoordigersinnederland_0035.html
47	http://resources.huygens.knaw.nl/retroapp/service_schutte/service_schutte/schutte_1/html/schutte_buitenlandsevertegenwoordigersinnederland_0035.html
48	http://resources.huygens.knaw.nl/retroapp/service_schutte/service_schutte/schutte_1/html/schutte_buitenlandsevertegenwoordigersinnederland_0036.html
49	http://resources.huygens.knaw.nl/retroapp/service_schutte/service_schutte/schutte_1/html/schutte_buitenlandsevertegenwoordigersinnederland_0037.html
50	http://resources.huygens.knaw.nl/retroapp/service_schutte/service_schutte/schutte_1/html/schutte_buitenlandsevertegenwoordigersinnederland_0038.html
51	http://resources.huygens.knaw.nl/retroapp/service_schutte/service_schutte/schutte_1/html/schutte_buitenlandsevertegenwoordigersinnederland_0038.html
52	http://resources.huygens.knaw.nl/retroapp/service_schutte/service_schutte/schutte_1/html/schutte_buitenlandsevertegenwoordigersinnederland_0039.html
53	http://resources.huygens.knaw.nl/retroapp/service_schutte/service_schutte/schutte_1/html/schutte_buitenlandsevertegenwoordigersinnederland_0039.html
54	http://resources.huygens.knaw.nl/retroapp/service_schutte/service_schutte/schutte_1/html/schutte_buitenlandsevertegenwoordigersinnederland_0040.html
55	http://resources.huygens.knaw.nl/retroapp/service_schutte/service_schutte/schutte_1/html/schutte_buitenlandsevertegenwoordigersinnederland_0040.html
56	http://resources.huygens.knaw.nl/retroapp/service_schutte/service_schutte/schutte_1/html/schutte_buitenlandsevertegenwoordigersinnederland_0041.html
57	http://resources.huygens.knaw.nl/retroapp/service_schutte/service_schutte/schutte_1/html/schutte_buitenlandsevertegenwoordigersinnederland_0041.html
58	http://resources.huygens.knaw.nl/retroapp/service_schutte/service_schutte/schutte_1/html/schutte_buitenlandsevertegenwoordigersinnederland_0041.html
59	http://resources.huygens.knaw.nl/retroapp/service_schutte/service_schutte/schutte_1/html/schutte_buitenlandsevertegenwoordigersinnederland_0042.html
60	http://resources.huygens.knaw.nl/retroapp/service_schutte/service_schutte/schutte_1/html/schutte_buitenlandsevertegenwoordigersinnederland_0042.html
61	http://resources.huygens.knaw.nl/retroapp/service_schutte/service_schutte/schutte_1/html/schutte_buitenlandsevertegenwoordigersinnederland_0043.html
62	http://resources.huygens.knaw.nl/retroapp/service_schutte/service_schutte/schutte_1/html/schutte_buitenlandsevertegenwoordigersinnederland_0043.html
63	http://resources.huygens.knaw.nl/retroapp/service_schutte/service_schutte/schutte_1/html/schutte_buitenlandsevertegenwoordigersinnederland_0044.html
64	http://resources.huygens.knaw.nl/retroapp/service_schutte/service_schutte/schutte_1/html/schutte_buitenlandsevertegenwoordigersinnederland_0044.html
65	http://resources.huygens.knaw.nl/retroapp/service_schutte/service_schutte/schutte_1/html/schutte_buitenlandsevertegenwoordigersinnederland_0045.html
66	http://resources.huygens.knaw.nl/retroapp/service_schutte/service_schutte/schutte_1/html/schutte_buitenlandsevertegenwoordigersinnederland_0045.html
67	http://resources.huygens.knaw.nl/retroapp/service_schutte/service_schutte/schutte_1/html/schutte_buitenlandsevertegenwoordigersinnederland_0055.html
68	http://resources.huygens.knaw.nl/retroapp/service_schutte/service_schutte/schutte_1/html/schutte_buitenlandsevertegenwoordigersinnederland_0056.html
69	http://resources.huygens.knaw.nl/retroapp/service_schutte/service_schutte/schutte_1/html/schutte_buitenlandsevertegenwoordigersinnederland_0057.html
70	http://resources.huygens.knaw.nl/retroapp/service_schutte/service_schutte/schutte_1/html/schutte_buitenlandsevertegenwoordigersinnederland_0058.html
71	http://resources.huygens.knaw.nl/retroapp/service_schutte/service_schutte/schutte_1/html/schutte_buitenlandsevertegenwoordigersinnederland_0060.html
72	http://resources.huygens.knaw.nl/retroapp/service_schutte/service_schutte/schutte_1/html/schutte_buitenlandsevertegenwoordigersinnederland_0060.html
73	http://resources.huygens.knaw.nl/retroapp/service_schutte/service_schutte/schutte_1/html/schutte_buitenlandsevertegenwoordigersinnederland_0061.html
74	http://resources.huygens.knaw.nl/retroapp/service_schutte/service_schutte/schutte_1/html/schutte_buitenlandsevertegenwoordigersinnederland_0062.html
75	http://resources.huygens.knaw.nl/retroapp/service_schutte/service_schutte/schutte_1/html/schutte_buitenlandsevertegenwoordigersinnederland_0063.html
76	http://resources.huygens.knaw.nl/retroapp/service_schutte/service_schutte/schutte_1/html/schutte_buitenlandsevertegenwoordigersinnederland_0064.html
77	http://resources.huygens.knaw.nl/retroapp/service_schutte/service_schutte/schutte_1/html/schutte_buitenlandsevertegenwoordigersinnederland_0065.html
78	http://resources.huygens.knaw.nl/retroapp/service_schutte/service_schutte/schutte_1/html/schutte_buitenlandsevertegenwoordigersinnederland_0066.html
79	http://resources.huygens.knaw.nl/retroapp/service_schutte/service_schutte/schutte_1/html/schutte_buitenlandsevertegenwoordigersinnederland_0067.html
80	http://resources.huygens.knaw.nl/retroapp/service_schutte/service_schutte/schutte_1/html/schutte_buitenlandsevertegenwoordigersinnederland_0069.html
81	http://resources.huygens.knaw.nl/retroapp/service_schutte/service_schutte/schutte_1/html/schutte_buitenlandsevertegenwoordigersinnederland_0070.html
82	http://resources.huygens.knaw.nl/retroapp/service_schutte/service_schutte/schutte_1/html/schutte_buitenlandsevertegenwoordigersinnederland_0072.html
83	http://resources.huygens.knaw.nl/retroapp/service_schutte/service_schutte/schutte_1/html/schutte_buitenlandsevertegenwoordigersinnederland_0073.html
84	http://resources.huygens.knaw.nl/retroapp/service_schutte/service_schutte/schutte_1/html/schutte_buitenlandsevertegenwoordigersinnederland_0075.html
85	http://resources.huygens.knaw.nl/retroapp/service_schutte/service_schutte/schutte_1/html/schutte_buitenlandsevertegenwoordigersinnederland_0076.html
86	http://resources.huygens.knaw.nl/retroapp/service_schutte/service_schutte/schutte_1/html/schutte_buitenlandsevertegenwoordigersinnederland_0077.html
87	http://resources.huygens.knaw.nl/retroapp/service_schutte/service_schutte/schutte_1/html/schutte_buitenlandsevertegenwoordigersinnederland_0077.html
88	http://resources.huygens.knaw.nl/retroapp/service_schutte/service_schutte/schutte_1/html/schutte_buitenlandsevertegenwoordigersinnederland_0078.html
89	http://resources.huygens.knaw.nl/retroapp/service_schutte/service_schutte/schutte_1/html/schutte_buitenlandsevertegenwoordigersinnederland_0079.html
90	http://resources.huygens.knaw.nl/retroapp/service_schutte/service_schutte/schutte_1/html/schutte_buitenlandsevertegenwoordigersinnederland_0080.html
91	http://resources.huygens.knaw.nl/retroapp/service_schutte/service_schutte/schutte_1/html/schutte_buitenlandsevertegenwoordigersinnederland_0081.html
92	http://resources.huygens.knaw.nl/retroapp/service_schutte/service_schutte/schutte_1/html/schutte_buitenlandsevertegenwoordigersinnederland_0082.html
93	http://resources.huygens.knaw.nl/retroapp/service_schutte/service_schutte/schutte_1/html/schutte_buitenlandsevertegenwoordigersinnederland_0083.html
94	http://resources.huygens.knaw.nl/retroapp/service_schutte/service_schutte/schutte_1/html/schutte_buitenlandsevertegenwoordigersinnederland_0084.html
95	http://resources.huygens.knaw.nl/retroapp/service_schutte/service_schutte/schutte_1/html/schutte_buitenlandsevertegenwoordigersinnederland_0084.html
96	http://resources.huygens.knaw.nl/retroapp/service_schutte/service_schutte/schutte_1/html/schutte_buitenlandsevertegenwoordigersinnederland_0087.html
97	http://resources.huygens.knaw.nl/retroapp/service_schutte/service_schutte/schutte_1/html/schutte_buitenlandsevertegenwoordigersinnederland_0088.html
98	http://resources.huygens.knaw.nl/retroapp/service_schutte/service_schutte/schutte_1/html/schutte_buitenlandsevertegenwoordigersinnederland_0089.html
99	http://resources.huygens.knaw.nl/retroapp/service_schutte/service_schutte/schutte_1/html/schutte_buitenlandsevertegenwoordigersinnederland_0092.html
100	http://resources.huygens.knaw.nl/retroapp/service_schutte/service_schutte/schutte_1/html/schutte_buitenlandsevertegenwoordigersinnederland_0093.html
101	http://resources.huygens.knaw.nl/retroapp/service_schutte/service_schutte/schutte_1/html/schutte_buitenlandsevertegenwoordigersinnederland_0094.html
102	http://resources.huygens.knaw.nl/retroapp/service_schutte/service_schutte/schutte_1/html/schutte_buitenlandsevertegenwoordigersinnederland_0096.html
103	http://resources.huygens.knaw.nl/retroapp/service_schutte/service_schutte/schutte_1/html/schutte_buitenlandsevertegenwoordigersinnederland_0096.html
104	http://resources.huygens.knaw.nl/retroapp/service_schutte/service_schutte/schutte_1/html/schutte_buitenlandsevertegenwoordigersinnederland_0098.html
105	http://resources.huygens.knaw.nl/retroapp/service_schutte/service_schutte/schutte_1/html/schutte_buitenlandsevertegenwoordigersinnederland_0099.html
106	http://resources.huygens.knaw.nl/retroapp/service_schutte/service_schutte/schutte_1/html/schutte_buitenlandsevertegenwoordigersinnederland_0101.html
107	http://resources.huygens.knaw.nl/retroapp/service_schutte/service_schutte/schutte_1/html/schutte_buitenlandsevertegenwoordigersinnederland_0103.html
108	http://resources.huygens.knaw.nl/retroapp/service_schutte/service_schutte/schutte_1/html/schutte_buitenlandsevertegenwoordigersinnederland_0103.html
109	http://resources.huygens.knaw.nl/retroapp/service_schutte/service_schutte/schutte_1/html/schutte_buitenlandsevertegenwoordigersinnederland_0105.html
110	http://resources.huygens.knaw.nl/retroapp/service_schutte/service_schutte/schutte_1/html/schutte_buitenlandsevertegenwoordigersinnederland_0107.html
111	http://resources.huygens.knaw.nl/retroapp/service_schutte/service_schutte/schutte_1/html/schutte_buitenlandsevertegenwoordigersinnederland_0108.html
112	http://resources.huygens.knaw.nl/retroapp/service_schutte/service_schutte/schutte_1/html/schutte_buitenlandsevertegenwoordigersinnederland_0109.html
113	http://resources.huygens.knaw.nl/retroapp/service_schutte/service_schutte/schutte_1/html/schutte_buitenlandsevertegenwoordigersinnederland_0109.html
114	http://resources.huygens.knaw.nl/retroapp/service_schutte/service_schutte/schutte_1/html/schutte_buitenlandsevertegenwoordigersinnederland_0111.html
115	http://resources.huygens.knaw.nl/retroapp/service_schutte/service_schutte/schutte_1/html/schutte_buitenlandsevertegenwoordigersinnederland_0113.html
116	http://resources.huygens.knaw.nl/retroapp/service_schutte/service_schutte/schutte_1/html/schutte_buitenlandsevertegenwoordigersinnederland_0114.html
117	http://resources.huygens.knaw.nl/retroapp/service_schutte/service_schutte/schutte_1/html/schutte_buitenlandsevertegenwoordigersinnederland_0114.html
118	http://resources.huygens.knaw.nl/retroapp/service_schutte/service_schutte/schutte_1/html/schutte_buitenlandsevertegenwoordigersinnederland_0115.html
119	http://resources.huygens.knaw.nl/retroapp/service_schutte/service_schutte/schutte_1/html/schutte_buitenlandsevertegenwoordigersinnederland_0116.html
120	http://resources.huygens.knaw.nl/retroapp/service_schutte/service_schutte/schutte_1/html/schutte_buitenlandsevertegenwoordigersinnederland_0117.html
121	http://resources.huygens.knaw.nl/retroapp/service_schutte/service_schutte/schutte_1/html/schutte_buitenlandsevertegenwoordigersinnederland_0118.html
122	http://resources.huygens.knaw.nl/retroapp/service_schutte/service_schutte/schutte_1/html/schutte_buitenlandsevertegenwoordigersinnederland_0144.html
123	http://resources.huygens.knaw.nl/retroapp/service_schutte/service_schutte/schutte_1/html/schutte_buitenlandsevertegenwoordigersinnederland_0145.html
124	http://resources.huygens.knaw.nl/retroapp/service_schutte/service_schutte/schutte_1/html/schutte_buitenlandsevertegenwoordigersinnederland_0145.html
125	http://resources.huygens.knaw.nl/retroapp/service_schutte/service_schutte/schutte_1/html/schutte_buitenlandsevertegenwoordigersinnederland_0147.html
126	http://resources.huygens.knaw.nl/retroapp/service_schutte/service_schutte/schutte_1/html/schutte_buitenlandsevertegenwoordigersinnederland_0148.html
127	http://resources.huygens.knaw.nl/retroapp/service_schutte/service_schutte/schutte_1/html/schutte_buitenlandsevertegenwoordigersinnederland_0149.html
128	http://resources.huygens.knaw.nl/retroapp/service_schutte/service_schutte/schutte_1/html/schutte_buitenlandsevertegenwoordigersinnederland_0150.html
129	http://resources.huygens.knaw.nl/retroapp/service_schutte/service_schutte/schutte_1/html/schutte_buitenlandsevertegenwoordigersinnederland_0151.html
130	http://resources.huygens.knaw.nl/retroapp/service_schutte/service_schutte/schutte_1/html/schutte_buitenlandsevertegenwoordigersinnederland_0153.html
131	http://resources.huygens.knaw.nl/retroapp/service_schutte/service_schutte/schutte_1/html/schutte_buitenlandsevertegenwoordigersinnederland_0155.html
132	http://resources.huygens.knaw.nl/retroapp/service_schutte/service_schutte/schutte_1/html/schutte_buitenlandsevertegenwoordigersinnederland_0156.html
133	http://resources.huygens.knaw.nl/retroapp/service_schutte/service_schutte/schutte_1/html/schutte_buitenlandsevertegenwoordigersinnederland_0156.html
134	http://resources.huygens.knaw.nl/retroapp/service_schutte/service_schutte/schutte_1/html/schutte_buitenlandsevertegenwoordigersinnederland_0157.html
135	http://resources.huygens.knaw.nl/retroapp/service_schutte/service_schutte/schutte_1/html/schutte_buitenlandsevertegenwoordigersinnederland_0160.html
136	http://resources.huygens.knaw.nl/retroapp/service_schutte/service_schutte/schutte_1/html/schutte_buitenlandsevertegenwoordigersinnederland_0160.html
137	http://resources.huygens.knaw.nl/retroapp/service_schutte/service_schutte/schutte_1/html/schutte_buitenlandsevertegenwoordigersinnederland_0161.html
138	http://resources.huygens.knaw.nl/retroapp/service_schutte/service_schutte/schutte_1/html/schutte_buitenlandsevertegenwoordigersinnederland_0162.html
139	http://resources.huygens.knaw.nl/retroapp/service_schutte/service_schutte/schutte_1/html/schutte_buitenlandsevertegenwoordigersinnederland_0165.html
140	http://resources.huygens.knaw.nl/retroapp/service_schutte/service_schutte/schutte_1/html/schutte_buitenlandsevertegenwoordigersinnederland_0166.html
141	http://resources.huygens.knaw.nl/retroapp/service_schutte/service_schutte/schutte_1/html/schutte_buitenlandsevertegenwoordigersinnederland_0166.html
142	http://resources.huygens.knaw.nl/retroapp/service_schutte/service_schutte/schutte_1/html/schutte_buitenlandsevertegenwoordigersinnederland_0167.html
143	http://resources.huygens.knaw.nl/retroapp/service_schutte/service_schutte/schutte_1/html/schutte_buitenlandsevertegenwoordigersinnederland_0168.html
144	http://resources.huygens.knaw.nl/retroapp/service_schutte/service_schutte/schutte_1/html/schutte_buitenlandsevertegenwoordigersinnederland_0169.html
145	http://resources.huygens.knaw.nl/retroapp/service_schutte/service_schutte/schutte_1/html/schutte_buitenlandsevertegenwoordigersinnederland_0171.html
146	http://resources.huygens.knaw.nl/retroapp/service_schutte/service_schutte/schutte_1/html/schutte_buitenlandsevertegenwoordigersinnederland_0171.html
147	http://resources.huygens.knaw.nl/retroapp/service_schutte/service_schutte/schutte_1/html/schutte_buitenlandsevertegenwoordigersinnederland_0172.html
148	http://resources.huygens.knaw.nl/retroapp/service_schutte/service_schutte/schutte_1/html/schutte_buitenlandsevertegenwoordigersinnederland_0182.html
149	http://resources.huygens.knaw.nl/retroapp/service_schutte/service_schutte/schutte_1/html/schutte_buitenlandsevertegenwoordigersinnederland_0183.html
150	http://resources.huygens.knaw.nl/retroapp/service_schutte/service_schutte/schutte_1/html/schutte_buitenlandsevertegenwoordigersinnederland_0184.html
151	http://resources.huygens.knaw.nl/retroapp/service_schutte/service_schutte/schutte_1/html/schutte_buitenlandsevertegenwoordigersinnederland_0185.html
152	http://resources.huygens.knaw.nl/retroapp/service_schutte/service_schutte/schutte_1/html/schutte_buitenlandsevertegenwoordigersinnederland_0185.html
153	http://resources.huygens.knaw.nl/retroapp/service_schutte/service_schutte/schutte_1/html/schutte_buitenlandsevertegenwoordigersinnederland_0185.html
154	http://resources.huygens.knaw.nl/retroapp/service_schutte/service_schutte/schutte_1/html/schutte_buitenlandsevertegenwoordigersinnederland_0185.html
155	http://resources.huygens.knaw.nl/retroapp/service_schutte/service_schutte/schutte_1/html/schutte_buitenlandsevertegenwoordigersinnederland_0186.html
156	http://resources.huygens.knaw.nl/retroapp/service_schutte/service_schutte/schutte_1/html/schutte_buitenlandsevertegenwoordigersinnederland_0186.html
157	http://resources.huygens.knaw.nl/retroapp/service_schutte/service_schutte/schutte_1/html/schutte_buitenlandsevertegenwoordigersinnederland_0187.html
158	http://resources.huygens.knaw.nl/retroapp/service_schutte/service_schutte/schutte_1/html/schutte_buitenlandsevertegenwoordigersinnederland_0188.html
159	http://resources.huygens.knaw.nl/retroapp/service_schutte/service_schutte/schutte_1/html/schutte_buitenlandsevertegenwoordigersinnederland_0188.html
160	http://resources.huygens.knaw.nl/retroapp/service_schutte/service_schutte/schutte_1/html/schutte_buitenlandsevertegenwoordigersinnederland_0189.html
161	http://resources.huygens.knaw.nl/retroapp/service_schutte/service_schutte/schutte_1/html/schutte_buitenlandsevertegenwoordigersinnederland_0190.html
162	http://resources.huygens.knaw.nl/retroapp/service_schutte/service_schutte/schutte_1/html/schutte_buitenlandsevertegenwoordigersinnederland_0191.html
163	http://resources.huygens.knaw.nl/retroapp/service_schutte/service_schutte/schutte_1/html/schutte_buitenlandsevertegenwoordigersinnederland_0192.html
164	http://resources.huygens.knaw.nl/retroapp/service_schutte/service_schutte/schutte_1/html/schutte_buitenlandsevertegenwoordigersinnederland_0192.html
165	http://resources.huygens.knaw.nl/retroapp/service_schutte/service_schutte/schutte_1/html/schutte_buitenlandsevertegenwoordigersinnederland_0192.html
166	http://resources.huygens.knaw.nl/retroapp/service_schutte/service_schutte/schutte_1/html/schutte_buitenlandsevertegenwoordigersinnederland_0193.html
167	http://resources.huygens.knaw.nl/retroapp/service_schutte/service_schutte/schutte_1/html/schutte_buitenlandsevertegenwoordigersinnederland_0194.html
168	http://resources.huygens.knaw.nl/retroapp/service_schutte/service_schutte/schutte_1/html/schutte_buitenlandsevertegenwoordigersinnederland_0194.html
169	http://resources.huygens.knaw.nl/retroapp/service_schutte/service_schutte/schutte_1/html/schutte_buitenlandsevertegenwoordigersinnederland_0195.html
170	http://resources.huygens.knaw.nl/retroapp/service_schutte/service_schutte/schutte_1/html/schutte_buitenlandsevertegenwoordigersinnederland_0196.html
171	http://resources.huygens.knaw.nl/retroapp/service_schutte/service_schutte/schutte_1/html/schutte_buitenlandsevertegenwoordigersinnederland_0197.html
172	http://resources.huygens.knaw.nl/retroapp/service_schutte/service_schutte/schutte_1/html/schutte_buitenlandsevertegenwoordigersinnederland_0198.html
173	http://resources.huygens.knaw.nl/retroapp/service_schutte/service_schutte/schutte_1/html/schutte_buitenlandsevertegenwoordigersinnederland_0198.html
174	http://resources.huygens.knaw.nl/retroapp/service_schutte/service_schutte/schutte_1/html/schutte_buitenlandsevertegenwoordigersinnederland_0198.html
175	http://resources.huygens.knaw.nl/retroapp/service_schutte/service_schutte/schutte_1/html/schutte_buitenlandsevertegenwoordigersinnederland_0199.html
176	http://resources.huygens.knaw.nl/retroapp/service_schutte/service_schutte/schutte_1/html/schutte_buitenlandsevertegenwoordigersinnederland_0199.html
177	http://resources.huygens.knaw.nl/retroapp/service_schutte/service_schutte/schutte_1/html/schutte_buitenlandsevertegenwoordigersinnederland_0200.html
178	http://resources.huygens.knaw.nl/retroapp/service_schutte/service_schutte/schutte_1/html/schutte_buitenlandsevertegenwoordigersinnederland_0201.html
179	http://resources.huygens.knaw.nl/retroapp/service_schutte/service_schutte/schutte_1/html/schutte_buitenlandsevertegenwoordigersinnederland_0202.html
180	http://resources.huygens.knaw.nl/retroapp/service_schutte/service_schutte/schutte_1/html/schutte_buitenlandsevertegenwoordigersinnederland_0203.html
181	http://resources.huygens.knaw.nl/retroapp/service_schutte/service_schutte/schutte_1/html/schutte_buitenlandsevertegenwoordigersinnederland_0203.html
182	http://resources.huygens.knaw.nl/retroapp/service_schutte/service_schutte/schutte_1/html/schutte_buitenlandsevertegenwoordigersinnederland_0205.html
183	http://resources.huygens.knaw.nl/retroapp/service_schutte/service_schutte/schutte_1/html/schutte_buitenlandsevertegenwoordigersinnederland_0206.html
184	http://resources.huygens.knaw.nl/retroapp/service_schutte/service_schutte/schutte_1/html/schutte_buitenlandsevertegenwoordigersinnederland_0206.html
185	http://resources.huygens.knaw.nl/retroapp/service_schutte/service_schutte/schutte_1/html/schutte_buitenlandsevertegenwoordigersinnederland_0207.html
186	http://resources.huygens.knaw.nl/retroapp/service_schutte/service_schutte/schutte_1/html/schutte_buitenlandsevertegenwoordigersinnederland_0207.html
187	http://resources.huygens.knaw.nl/retroapp/service_schutte/service_schutte/schutte_1/html/schutte_buitenlandsevertegenwoordigersinnederland_0207.html
188	http://resources.huygens.knaw.nl/retroapp/service_schutte/service_schutte/schutte_1/html/schutte_buitenlandsevertegenwoordigersinnederland_0208.html
189	http://resources.huygens.knaw.nl/retroapp/service_schutte/service_schutte/schutte_1/html/schutte_buitenlandsevertegenwoordigersinnederland_0209.html
190	http://resources.huygens.knaw.nl/retroapp/service_schutte/service_schutte/schutte_1/html/schutte_buitenlandsevertegenwoordigersinnederland_0210.html
191	http://resources.huygens.knaw.nl/retroapp/service_schutte/service_schutte/schutte_1/html/schutte_buitenlandsevertegenwoordigersinnederland_0210.html
192	http://resources.huygens.knaw.nl/retroapp/service_schutte/service_schutte/schutte_1/html/schutte_buitenlandsevertegenwoordigersinnederland_0210.html
193	http://resources.huygens.knaw.nl/retroapp/service_schutte/service_schutte/schutte_1/html/schutte_buitenlandsevertegenwoordigersinnederland_0211.html
194	http://resources.huygens.knaw.nl/retroapp/service_schutte/service_schutte/schutte_1/html/schutte_buitenlandsevertegenwoordigersinnederland_0211.html
195	http://resources.huygens.knaw.nl/retroapp/service_schutte/service_schutte/schutte_1/html/schutte_buitenlandsevertegenwoordigersinnederland_0211.html
196	http://resources.huygens.knaw.nl/retroapp/service_schutte/service_schutte/schutte_1/html/schutte_buitenlandsevertegenwoordigersinnederland_0212.html
197	http://resources.huygens.knaw.nl/retroapp/service_schutte/service_schutte/schutte_1/html/schutte_buitenlandsevertegenwoordigersinnederland_0212.html
198	http://resources.huygens.knaw.nl/retroapp/service_schutte/service_schutte/schutte_1/html/schutte_buitenlandsevertegenwoordigersinnederland_0213.html
199	http://resources.huygens.knaw.nl/retroapp/service_schutte/service_schutte/schutte_1/html/schutte_buitenlandsevertegenwoordigersinnederland_0213.html
200	http://resources.huygens.knaw.nl/retroapp/service_schutte/service_schutte/schutte_1/html/schutte_buitenlandsevertegenwoordigersinnederland_0214.html
201	http://resources.huygens.knaw.nl/retroapp/service_schutte/service_schutte/schutte_1/html/schutte_buitenlandsevertegenwoordigersinnederland_0214.html
202	http://resources.huygens.knaw.nl/retroapp/service_schutte/service_schutte/schutte_1/html/schutte_buitenlandsevertegenwoordigersinnederland_0215.html
203	http://resources.huygens.knaw.nl/retroapp/service_schutte/service_schutte/schutte_1/html/schutte_buitenlandsevertegenwoordigersinnederland_0215.html
204	http://resources.huygens.knaw.nl/retroapp/service_schutte/service_schutte/schutte_1/html/schutte_buitenlandsevertegenwoordigersinnederland_0215.html
205	http://resources.huygens.knaw.nl/retroapp/service_schutte/service_schutte/schutte_1/html/schutte_buitenlandsevertegenwoordigersinnederland_0216.html
206	http://resources.huygens.knaw.nl/retroapp/service_schutte/service_schutte/schutte_1/html/schutte_buitenlandsevertegenwoordigersinnederland_0217.html
207	http://resources.huygens.knaw.nl/retroapp/service_schutte/service_schutte/schutte_1/html/schutte_buitenlandsevertegenwoordigersinnederland_0217.html
208	http://resources.huygens.knaw.nl/retroapp/service_schutte/service_schutte/schutte_1/html/schutte_buitenlandsevertegenwoordigersinnederland_0217.html
209	http://resources.huygens.knaw.nl/retroapp/service_schutte/service_schutte/schutte_1/html/schutte_buitenlandsevertegenwoordigersinnederland_0218.html
210	http://resources.huygens.knaw.nl/retroapp/service_schutte/service_schutte/schutte_1/html/schutte_buitenlandsevertegenwoordigersinnederland_0218.html
211	http://resources.huygens.knaw.nl/retroapp/service_schutte/service_schutte/schutte_1/html/schutte_buitenlandsevertegenwoordigersinnederland_0218.html
212	http://resources.huygens.knaw.nl/retroapp/service_schutte/service_schutte/schutte_1/html/schutte_buitenlandsevertegenwoordigersinnederland_0219.html
213	http://resources.huygens.knaw.nl/retroapp/service_schutte/service_schutte/schutte_1/html/schutte_buitenlandsevertegenwoordigersinnederland_0220.html
214	http://resources.huygens.knaw.nl/retroapp/service_schutte/service_schutte/schutte_1/html/schutte_buitenlandsevertegenwoordigersinnederland_0220.html
215	http://resources.huygens.knaw.nl/retroapp/service_schutte/service_schutte/schutte_1/html/schutte_buitenlandsevertegenwoordigersinnederland_0220.html
216	http://resources.huygens.knaw.nl/retroapp/service_schutte/service_schutte/schutte_1/html/schutte_buitenlandsevertegenwoordigersinnederland_0220.html
217	http://resources.huygens.knaw.nl/retroapp/service_schutte/service_schutte/schutte_1/html/schutte_buitenlandsevertegenwoordigersinnederland_0221.html
218	http://resources.huygens.knaw.nl/retroapp/service_schutte/service_schutte/schutte_1/html/schutte_buitenlandsevertegenwoordigersinnederland_0221.html
219	http://resources.huygens.knaw.nl/retroapp/service_schutte/service_schutte/schutte_1/html/schutte_buitenlandsevertegenwoordigersinnederland_0221.html
220	http://resources.huygens.knaw.nl/retroapp/service_schutte/service_schutte/schutte_1/html/schutte_buitenlandsevertegenwoordigersinnederland_0222.html
221	http://resources.huygens.knaw.nl/retroapp/service_schutte/service_schutte/schutte_1/html/schutte_buitenlandsevertegenwoordigersinnederland_0223.html
222	http://resources.huygens.knaw.nl/retroapp/service_schutte/service_schutte/schutte_1/html/schutte_buitenlandsevertegenwoordigersinnederland_0223.html
223	http://resources.huygens.knaw.nl/retroapp/service_schutte/service_schutte/schutte_1/html/schutte_buitenlandsevertegenwoordigersinnederland_0224.html
224	http://resources.huygens.knaw.nl/retroapp/service_schutte/service_schutte/schutte_1/html/schutte_buitenlandsevertegenwoordigersinnederland_0224.html
225	http://resources.huygens.knaw.nl/retroapp/service_schutte/service_schutte/schutte_1/html/schutte_buitenlandsevertegenwoordigersinnederland_0226.html
226	http://resources.huygens.knaw.nl/retroapp/service_schutte/service_schutte/schutte_1/html/schutte_buitenlandsevertegenwoordigersinnederland_0226.html
227	http://resources.huygens.knaw.nl/retroapp/service_schutte/service_schutte/schutte_1/html/schutte_buitenlandsevertegenwoordigersinnederland_0227.html
228	http://resources.huygens.knaw.nl/retroapp/service_schutte/service_schutte/schutte_1/html/schutte_buitenlandsevertegenwoordigersinnederland_0228.html
229	http://resources.huygens.knaw.nl/retroapp/service_schutte/service_schutte/schutte_1/html/schutte_buitenlandsevertegenwoordigersinnederland_0228.html
230	http://resources.huygens.knaw.nl/retroapp/service_schutte/service_schutte/schutte_1/html/schutte_buitenlandsevertegenwoordigersinnederland_0228.html
231	http://resources.huygens.knaw.nl/retroapp/service_schutte/service_schutte/schutte_1/html/schutte_buitenlandsevertegenwoordigersinnederland_0228.html
232	http://resources.huygens.knaw.nl/retroapp/service_schutte/service_schutte/schutte_1/html/schutte_buitenlandsevertegenwoordigersinnederland_0229.html
233	http://resources.huygens.knaw.nl/retroapp/service_schutte/service_schutte/schutte_1/html/schutte_buitenlandsevertegenwoordigersinnederland_0229.html
234	http://resources.huygens.knaw.nl/retroapp/service_schutte/service_schutte/schutte_1/html/schutte_buitenlandsevertegenwoordigersinnederland_0230.html
235	http://resources.huygens.knaw.nl/retroapp/service_schutte/service_schutte/schutte_1/html/schutte_buitenlandsevertegenwoordigersinnederland_0231.html
236	http://resources.huygens.knaw.nl/retroapp/service_schutte/service_schutte/schutte_1/html/schutte_buitenlandsevertegenwoordigersinnederland_0231.html
237	http://resources.huygens.knaw.nl/retroapp/service_schutte/service_schutte/schutte_1/html/schutte_buitenlandsevertegenwoordigersinnederland_0232.html
238	http://resources.huygens.knaw.nl/retroapp/service_schutte/service_schutte/schutte_1/html/schutte_buitenlandsevertegenwoordigersinnederland_0234.html
239	http://resources.huygens.knaw.nl/retroapp/service_schutte/service_schutte/schutte_1/html/schutte_buitenlandsevertegenwoordigersinnederland_0235.html
240	http://resources.huygens.knaw.nl/retroapp/service_schutte/service_schutte/schutte_1/html/schutte_buitenlandsevertegenwoordigersinnederland_0236.html
241	http://resources.huygens.knaw.nl/retroapp/service_schutte/service_schutte/schutte_1/html/schutte_buitenlandsevertegenwoordigersinnederland_0236.html
242	http://resources.huygens.knaw.nl/retroapp/service_schutte/service_schutte/schutte_1/html/schutte_buitenlandsevertegenwoordigersinnederland_0236.html
243	http://resources.huygens.knaw.nl/retroapp/service_schutte/service_schutte/schutte_1/html/schutte_buitenlandsevertegenwoordigersinnederland_0238.html
244	http://resources.huygens.knaw.nl/retroapp/service_schutte/service_schutte/schutte_1/html/schutte_buitenlandsevertegenwoordigersinnederland_0238.html
245	http://resources.huygens.knaw.nl/retroapp/service_schutte/service_schutte/schutte_1/html/schutte_buitenlandsevertegenwoordigersinnederland_0239.html
246	http://resources.huygens.knaw.nl/retroapp/service_schutte/service_schutte/schutte_1/html/schutte_buitenlandsevertegenwoordigersinnederland_0239.html
247	http://resources.huygens.knaw.nl/retroapp/service_schutte/service_schutte/schutte_1/html/schutte_buitenlandsevertegenwoordigersinnederland_0239.html
248	http://resources.huygens.knaw.nl/retroapp/service_schutte/service_schutte/schutte_1/html/schutte_buitenlandsevertegenwoordigersinnederland_0240.html
249	http://resources.huygens.knaw.nl/retroapp/service_schutte/service_schutte/schutte_1/html/schutte_buitenlandsevertegenwoordigersinnederland_0240.html
250	http://resources.huygens.knaw.nl/retroapp/service_schutte/service_schutte/schutte_1/html/schutte_buitenlandsevertegenwoordigersinnederland_0241.html
251	http://resources.huygens.knaw.nl/retroapp/service_schutte/service_schutte/schutte_1/html/schutte_buitenlandsevertegenwoordigersinnederland_0241.html
252	http://resources.huygens.knaw.nl/retroapp/service_schutte/service_schutte/schutte_1/html/schutte_buitenlandsevertegenwoordigersinnederland_0242.html
253	http://resources.huygens.knaw.nl/retroapp/service_schutte/service_schutte/schutte_1/html/schutte_buitenlandsevertegenwoordigersinnederland_0245.html
254	http://resources.huygens.knaw.nl/retroapp/service_schutte/service_schutte/schutte_1/html/schutte_buitenlandsevertegenwoordigersinnederland_0245.html
255	http://resources.huygens.knaw.nl/retroapp/service_schutte/service_schutte/schutte_1/html/schutte_buitenlandsevertegenwoordigersinnederland_0246.html
256	http://resources.huygens.knaw.nl/retroapp/service_schutte/service_schutte/schutte_1/html/schutte_buitenlandsevertegenwoordigersinnederland_0248.html
257	http://resources.huygens.knaw.nl/retroapp/service_schutte/service_schutte/schutte_1/html/schutte_buitenlandsevertegenwoordigersinnederland_0248.html
258	http://resources.huygens.knaw.nl/retroapp/service_schutte/service_schutte/schutte_1/html/schutte_buitenlandsevertegenwoordigersinnederland_0249.html
259	http://resources.huygens.knaw.nl/retroapp/service_schutte/service_schutte/schutte_1/html/schutte_buitenlandsevertegenwoordigersinnederland_0251.html
260	http://resources.huygens.knaw.nl/retroapp/service_schutte/service_schutte/schutte_1/html/schutte_buitenlandsevertegenwoordigersinnederland_0251.html
261	http://resources.huygens.knaw.nl/retroapp/service_schutte/service_schutte/schutte_1/html/schutte_buitenlandsevertegenwoordigersinnederland_0251.html
262	http://resources.huygens.knaw.nl/retroapp/service_schutte/service_schutte/schutte_1/html/schutte_buitenlandsevertegenwoordigersinnederland_0252.html
263	http://resources.huygens.knaw.nl/retroapp/service_schutte/service_schutte/schutte_1/html/schutte_buitenlandsevertegenwoordigersinnederland_0252.html
264	http://resources.huygens.knaw.nl/retroapp/service_schutte/service_schutte/schutte_1/html/schutte_buitenlandsevertegenwoordigersinnederland_0252.html
265	http://resources.huygens.knaw.nl/retroapp/service_schutte/service_schutte/schutte_1/html/schutte_buitenlandsevertegenwoordigersinnederland_0253.html
266	http://resources.huygens.knaw.nl/retroapp/service_schutte/service_schutte/schutte_1/html/schutte_buitenlandsevertegenwoordigersinnederland_0253.html
267	http://resources.huygens.knaw.nl/retroapp/service_schutte/service_schutte/schutte_1/html/schutte_buitenlandsevertegenwoordigersinnederland_0254.html
268	http://resources.huygens.knaw.nl/retroapp/service_schutte/service_schutte/schutte_1/html/schutte_buitenlandsevertegenwoordigersinnederland_0255.html
269	http://resources.huygens.knaw.nl/retroapp/service_schutte/service_schutte/schutte_1/html/schutte_buitenlandsevertegenwoordigersinnederland_0256.html
270	http://resources.huygens.knaw.nl/retroapp/service_schutte/service_schutte/schutte_1/html/schutte_buitenlandsevertegenwoordigersinnederland_0257.html
271	http://resources.huygens.knaw.nl/retroapp/service_schutte/service_schutte/schutte_1/html/schutte_buitenlandsevertegenwoordigersinnederland_0257.html
272	http://resources.huygens.knaw.nl/retroapp/service_schutte/service_schutte/schutte_1/html/schutte_buitenlandsevertegenwoordigersinnederland_0258.html
273	http://resources.huygens.knaw.nl/retroapp/service_schutte/service_schutte/schutte_1/html/schutte_buitenlandsevertegenwoordigersinnederland_0294.html
274	http://resources.huygens.knaw.nl/retroapp/service_schutte/service_schutte/schutte_1/html/schutte_buitenlandsevertegenwoordigersinnederland_0258.html
275	http://resources.huygens.knaw.nl/retroapp/service_schutte/service_schutte/schutte_1/html/schutte_buitenlandsevertegenwoordigersinnederland_0259.html
276	http://resources.huygens.knaw.nl/retroapp/service_schutte/service_schutte/schutte_1/html/schutte_buitenlandsevertegenwoordigersinnederland_0259.html
277	http://resources.huygens.knaw.nl/retroapp/service_schutte/service_schutte/schutte_1/html/schutte_buitenlandsevertegenwoordigersinnederland_0259.html
278	http://resources.huygens.knaw.nl/retroapp/service_schutte/service_schutte/schutte_1/html/schutte_buitenlandsevertegenwoordigersinnederland_0259.html
279	http://resources.huygens.knaw.nl/retroapp/service_schutte/service_schutte/schutte_1/html/schutte_buitenlandsevertegenwoordigersinnederland_0260.html
280	http://resources.huygens.knaw.nl/retroapp/service_schutte/service_schutte/schutte_1/html/schutte_buitenlandsevertegenwoordigersinnederland_0260.html
281	http://resources.huygens.knaw.nl/retroapp/service_schutte/service_schutte/schutte_1/html/schutte_buitenlandsevertegenwoordigersinnederland_0260.html
282	http://resources.huygens.knaw.nl/retroapp/service_schutte/service_schutte/schutte_1/html/schutte_buitenlandsevertegenwoordigersinnederland_0261.html
283	http://resources.huygens.knaw.nl/retroapp/service_schutte/service_schutte/schutte_1/html/schutte_buitenlandsevertegenwoordigersinnederland_0262.html
284	http://resources.huygens.knaw.nl/retroapp/service_schutte/service_schutte/schutte_1/html/schutte_buitenlandsevertegenwoordigersinnederland_0262.html
285	http://resources.huygens.knaw.nl/retroapp/service_schutte/service_schutte/schutte_1/html/schutte_buitenlandsevertegenwoordigersinnederland_0263.html
286	http://resources.huygens.knaw.nl/retroapp/service_schutte/service_schutte/schutte_1/html/schutte_buitenlandsevertegenwoordigersinnederland_0264.html
287	http://resources.huygens.knaw.nl/retroapp/service_schutte/service_schutte/schutte_1/html/schutte_buitenlandsevertegenwoordigersinnederland_0268.html
288	http://resources.huygens.knaw.nl/retroapp/service_schutte/service_schutte/schutte_1/html/schutte_buitenlandsevertegenwoordigersinnederland_0269.html
289	http://resources.huygens.knaw.nl/retroapp/service_schutte/service_schutte/schutte_1/html/schutte_buitenlandsevertegenwoordigersinnederland_0271.html
290	http://resources.huygens.knaw.nl/retroapp/service_schutte/service_schutte/schutte_1/html/schutte_buitenlandsevertegenwoordigersinnederland_0272.html
291	http://resources.huygens.knaw.nl/retroapp/service_schutte/service_schutte/schutte_1/html/schutte_buitenlandsevertegenwoordigersinnederland_0272.html
292	http://resources.huygens.knaw.nl/retroapp/service_schutte/service_schutte/schutte_1/html/schutte_buitenlandsevertegenwoordigersinnederland_0273.html
293	http://resources.huygens.knaw.nl/retroapp/service_schutte/service_schutte/schutte_1/html/schutte_buitenlandsevertegenwoordigersinnederland_0275.html
294	http://resources.huygens.knaw.nl/retroapp/service_schutte/service_schutte/schutte_1/html/schutte_buitenlandsevertegenwoordigersinnederland_0275.html
295	http://resources.huygens.knaw.nl/retroapp/service_schutte/service_schutte/schutte_1/html/schutte_buitenlandsevertegenwoordigersinnederland_0275.html
296	http://resources.huygens.knaw.nl/retroapp/service_schutte/service_schutte/schutte_1/html/schutte_buitenlandsevertegenwoordigersinnederland_0276.html
297	http://resources.huygens.knaw.nl/retroapp/service_schutte/service_schutte/schutte_1/html/schutte_buitenlandsevertegenwoordigersinnederland_0278.html
298	http://resources.huygens.knaw.nl/retroapp/service_schutte/service_schutte/schutte_1/html/schutte_buitenlandsevertegenwoordigersinnederland_0278.html
299	http://resources.huygens.knaw.nl/retroapp/service_schutte/service_schutte/schutte_1/html/schutte_buitenlandsevertegenwoordigersinnederland_0279.html
300	http://resources.huygens.knaw.nl/retroapp/service_schutte/service_schutte/schutte_1/html/schutte_buitenlandsevertegenwoordigersinnederland_0280.html
301	http://resources.huygens.knaw.nl/retroapp/service_schutte/service_schutte/schutte_1/html/schutte_buitenlandsevertegenwoordigersinnederland_0280.html
302	http://resources.huygens.knaw.nl/retroapp/service_schutte/service_schutte/schutte_1/html/schutte_buitenlandsevertegenwoordigersinnederland_0281.html
303	http://resources.huygens.knaw.nl/retroapp/service_schutte/service_schutte/schutte_1/html/schutte_buitenlandsevertegenwoordigersinnederland_0282.html
304	http://resources.huygens.knaw.nl/retroapp/service_schutte/service_schutte/schutte_1/html/schutte_buitenlandsevertegenwoordigersinnederland_0282.html
305	http://resources.huygens.knaw.nl/retroapp/service_schutte/service_schutte/schutte_1/html/schutte_buitenlandsevertegenwoordigersinnederland_0283.html
306	http://resources.huygens.knaw.nl/retroapp/service_schutte/service_schutte/schutte_1/html/schutte_buitenlandsevertegenwoordigersinnederland_0283.html
307	http://resources.huygens.knaw.nl/retroapp/service_schutte/service_schutte/schutte_1/html/schutte_buitenlandsevertegenwoordigersinnederland_0283.html
308	http://resources.huygens.knaw.nl/retroapp/service_schutte/service_schutte/schutte_1/html/schutte_buitenlandsevertegenwoordigersinnederland_0284.html
309	http://resources.huygens.knaw.nl/retroapp/service_schutte/service_schutte/schutte_1/html/schutte_buitenlandsevertegenwoordigersinnederland_0284.html
310	http://resources.huygens.knaw.nl/retroapp/service_schutte/service_schutte/schutte_1/html/schutte_buitenlandsevertegenwoordigersinnederland_0288.html
311	http://resources.huygens.knaw.nl/retroapp/service_schutte/service_schutte/schutte_1/html/schutte_buitenlandsevertegenwoordigersinnederland_0289.html
312	http://resources.huygens.knaw.nl/retroapp/service_schutte/service_schutte/schutte_1/html/schutte_buitenlandsevertegenwoordigersinnederland_0290.html
313	http://resources.huygens.knaw.nl/retroapp/service_schutte/service_schutte/schutte_1/html/schutte_buitenlandsevertegenwoordigersinnederland_0290.html
314	http://resources.huygens.knaw.nl/retroapp/service_schutte/service_schutte/schutte_1/html/schutte_buitenlandsevertegenwoordigersinnederland_0291.html
315	http://resources.huygens.knaw.nl/retroapp/service_schutte/service_schutte/schutte_1/html/schutte_buitenlandsevertegenwoordigersinnederland_0291.html
316	http://resources.huygens.knaw.nl/retroapp/service_schutte/service_schutte/schutte_1/html/schutte_buitenlandsevertegenwoordigersinnederland_0292.html
317	http://resources.huygens.knaw.nl/retroapp/service_schutte/service_schutte/schutte_1/html/schutte_buitenlandsevertegenwoordigersinnederland_0293.html
318	http://resources.huygens.knaw.nl/retroapp/service_schutte/service_schutte/schutte_1/html/schutte_buitenlandsevertegenwoordigersinnederland_0295.html
319	http://resources.huygens.knaw.nl/retroapp/service_schutte/service_schutte/schutte_1/html/schutte_buitenlandsevertegenwoordigersinnederland_0295.html
320	http://resources.huygens.knaw.nl/retroapp/service_schutte/service_schutte/schutte_1/html/schutte_buitenlandsevertegenwoordigersinnederland_0296.html
321	http://resources.huygens.knaw.nl/retroapp/service_schutte/service_schutte/schutte_1/html/schutte_buitenlandsevertegenwoordigersinnederland_0297.html
322	http://resources.huygens.knaw.nl/retroapp/service_schutte/service_schutte/schutte_1/html/schutte_buitenlandsevertegenwoordigersinnederland_0297.html
323	http://resources.huygens.knaw.nl/retroapp/service_schutte/service_schutte/schutte_1/html/schutte_buitenlandsevertegenwoordigersinnederland_0298.html
324	http://resources.huygens.knaw.nl/retroapp/service_schutte/service_schutte/schutte_1/html/schutte_buitenlandsevertegenwoordigersinnederland_0298.html
325	http://resources.huygens.knaw.nl/retroapp/service_schutte/service_schutte/schutte_1/html/schutte_buitenlandsevertegenwoordigersinnederland_0300.html
326	http://resources.huygens.knaw.nl/retroapp/service_schutte/service_schutte/schutte_1/html/schutte_buitenlandsevertegenwoordigersinnederland_0300.html
327	http://resources.huygens.knaw.nl/retroapp/service_schutte/service_schutte/schutte_1/html/schutte_buitenlandsevertegenwoordigersinnederland_0304.html
328	http://resources.huygens.knaw.nl/retroapp/service_schutte/service_schutte/schutte_1/html/schutte_buitenlandsevertegenwoordigersinnederland_0307.html
329	http://resources.huygens.knaw.nl/retroapp/service_schutte/service_schutte/schutte_1/html/schutte_buitenlandsevertegenwoordigersinnederland_0308.html
330	http://resources.huygens.knaw.nl/retroapp/service_schutte/service_schutte/schutte_1/html/schutte_buitenlandsevertegenwoordigersinnederland_0308.html
331	http://resources.huygens.knaw.nl/retroapp/service_schutte/service_schutte/schutte_1/html/schutte_buitenlandsevertegenwoordigersinnederland_0309.html
332	http://resources.huygens.knaw.nl/retroapp/service_schutte/service_schutte/schutte_1/html/schutte_buitenlandsevertegenwoordigersinnederland_0311.html
333	http://resources.huygens.knaw.nl/retroapp/service_schutte/service_schutte/schutte_1/html/schutte_buitenlandsevertegenwoordigersinnederland_0312.html
334	http://resources.huygens.knaw.nl/retroapp/service_schutte/service_schutte/schutte_1/html/schutte_buitenlandsevertegenwoordigersinnederland_0313.html
335	http://resources.huygens.knaw.nl/retroapp/service_schutte/service_schutte/schutte_1/html/schutte_buitenlandsevertegenwoordigersinnederland_0313.html
336	http://resources.huygens.knaw.nl/retroapp/service_schutte/service_schutte/schutte_1/html/schutte_buitenlandsevertegenwoordigersinnederland_0314.html
337	http://resources.huygens.knaw.nl/retroapp/service_schutte/service_schutte/schutte_1/html/schutte_buitenlandsevertegenwoordigersinnederland_0315.html
338	http://resources.huygens.knaw.nl/retroapp/service_schutte/service_schutte/schutte_1/html/schutte_buitenlandsevertegenwoordigersinnederland_0316.html
339	http://resources.huygens.knaw.nl/retroapp/service_schutte/service_schutte/schutte_1/html/schutte_buitenlandsevertegenwoordigersinnederland_0317.html
340	http://resources.huygens.knaw.nl/retroapp/service_schutte/service_schutte/schutte_1/html/schutte_buitenlandsevertegenwoordigersinnederland_0318.html
341	http://resources.huygens.knaw.nl/retroapp/service_schutte/service_schutte/schutte_1/html/schutte_buitenlandsevertegenwoordigersinnederland_0319.html
342	http://resources.huygens.knaw.nl/retroapp/service_schutte/service_schutte/schutte_1/html/schutte_buitenlandsevertegenwoordigersinnederland_0320.html
343	http://resources.huygens.knaw.nl/retroapp/service_schutte/service_schutte/schutte_1/html/schutte_buitenlandsevertegenwoordigersinnederland_0320.html
344	http://resources.huygens.knaw.nl/retroapp/service_schutte/service_schutte/schutte_1/html/schutte_buitenlandsevertegenwoordigersinnederland_0321.html
345	http://resources.huygens.knaw.nl/retroapp/service_schutte/service_schutte/schutte_1/html/schutte_buitenlandsevertegenwoordigersinnederland_0321.html
346	http://resources.huygens.knaw.nl/retroapp/service_schutte/service_schutte/schutte_1/html/schutte_buitenlandsevertegenwoordigersinnederland_0322.html
347	http://resources.huygens.knaw.nl/retroapp/service_schutte/service_schutte/schutte_1/html/schutte_buitenlandsevertegenwoordigersinnederland_0322.html
348	http://resources.huygens.knaw.nl/retroapp/service_schutte/service_schutte/schutte_1/html/schutte_buitenlandsevertegenwoordigersinnederland_0322.html
349	http://resources.huygens.knaw.nl/retroapp/service_schutte/service_schutte/schutte_1/html/schutte_buitenlandsevertegenwoordigersinnederland_0323.html
350	http://resources.huygens.knaw.nl/retroapp/service_schutte/service_schutte/schutte_1/html/schutte_buitenlandsevertegenwoordigersinnederland_0323.html
351	http://resources.huygens.knaw.nl/retroapp/service_schutte/service_schutte/schutte_1/html/schutte_buitenlandsevertegenwoordigersinnederland_0324.html
352	http://resources.huygens.knaw.nl/retroapp/service_schutte/service_schutte/schutte_1/html/schutte_buitenlandsevertegenwoordigersinnederland_0325.html
353	http://resources.huygens.knaw.nl/retroapp/service_schutte/service_schutte/schutte_1/html/schutte_buitenlandsevertegenwoordigersinnederland_0329.html
354	http://resources.huygens.knaw.nl/retroapp/service_schutte/service_schutte/schutte_1/html/schutte_buitenlandsevertegenwoordigersinnederland_0329.html
355	http://resources.huygens.knaw.nl/retroapp/service_schutte/service_schutte/schutte_1/html/schutte_buitenlandsevertegenwoordigersinnederland_0329.html
356	http://resources.huygens.knaw.nl/retroapp/service_schutte/service_schutte/schutte_1/html/schutte_buitenlandsevertegenwoordigersinnederland_0329.html
357	http://resources.huygens.knaw.nl/retroapp/service_schutte/service_schutte/schutte_1/html/schutte_buitenlandsevertegenwoordigersinnederland_0330.html
358	http://resources.huygens.knaw.nl/retroapp/service_schutte/service_schutte/schutte_1/html/schutte_buitenlandsevertegenwoordigersinnederland_0330.html
359	http://resources.huygens.knaw.nl/retroapp/service_schutte/service_schutte/schutte_1/html/schutte_buitenlandsevertegenwoordigersinnederland_0330.html
360	http://resources.huygens.knaw.nl/retroapp/service_schutte/service_schutte/schutte_1/html/schutte_buitenlandsevertegenwoordigersinnederland_0330.html
361	http://resources.huygens.knaw.nl/retroapp/service_schutte/service_schutte/schutte_1/html/schutte_buitenlandsevertegenwoordigersinnederland_0331.html
362	http://resources.huygens.knaw.nl/retroapp/service_schutte/service_schutte/schutte_1/html/schutte_buitenlandsevertegenwoordigersinnederland_0333.html
363	http://resources.huygens.knaw.nl/retroapp/service_schutte/service_schutte/schutte_1/html/schutte_buitenlandsevertegenwoordigersinnederland_0334.html
364	http://resources.huygens.knaw.nl/retroapp/service_schutte/service_schutte/schutte_1/html/schutte_buitenlandsevertegenwoordigersinnederland_0335.html
365	http://resources.huygens.knaw.nl/retroapp/service_schutte/service_schutte/schutte_1/html/schutte_buitenlandsevertegenwoordigersinnederland_0335.html
366	http://resources.huygens.knaw.nl/retroapp/service_schutte/service_schutte/schutte_1/html/schutte_buitenlandsevertegenwoordigersinnederland_0335.html
367	http://resources.huygens.knaw.nl/retroapp/service_schutte/service_schutte/schutte_1/html/schutte_buitenlandsevertegenwoordigersinnederland_0336.html
368	http://resources.huygens.knaw.nl/retroapp/service_schutte/service_schutte/schutte_1/html/schutte_buitenlandsevertegenwoordigersinnederland_0337.html
369	http://resources.huygens.knaw.nl/retroapp/service_schutte/service_schutte/schutte_1/html/schutte_buitenlandsevertegenwoordigersinnederland_0340.html
370	http://resources.huygens.knaw.nl/retroapp/service_schutte/service_schutte/schutte_1/html/schutte_buitenlandsevertegenwoordigersinnederland_0343.html
371	http://resources.huygens.knaw.nl/retroapp/service_schutte/service_schutte/schutte_1/html/schutte_buitenlandsevertegenwoordigersinnederland_0344.html
372	http://resources.huygens.knaw.nl/retroapp/service_schutte/service_schutte/schutte_1/html/schutte_buitenlandsevertegenwoordigersinnederland_0344.html
373	http://resources.huygens.knaw.nl/retroapp/service_schutte/service_schutte/schutte_1/html/schutte_buitenlandsevertegenwoordigersinnederland_0348.html
374	http://resources.huygens.knaw.nl/retroapp/service_schutte/service_schutte/schutte_1/html/schutte_buitenlandsevertegenwoordigersinnederland_0348.html
375	http://resources.huygens.knaw.nl/retroapp/service_schutte/service_schutte/schutte_1/html/schutte_buitenlandsevertegenwoordigersinnederland_0350.html
376	http://resources.huygens.knaw.nl/retroapp/service_schutte/service_schutte/schutte_1/html/schutte_buitenlandsevertegenwoordigersinnederland_0350.html
377	http://resources.huygens.knaw.nl/retroapp/service_schutte/service_schutte/schutte_1/html/schutte_buitenlandsevertegenwoordigersinnederland_0351.html
378	http://resources.huygens.knaw.nl/retroapp/service_schutte/service_schutte/schutte_1/html/schutte_buitenlandsevertegenwoordigersinnederland_0351.html
379	http://resources.huygens.knaw.nl/retroapp/service_schutte/service_schutte/schutte_1/html/schutte_buitenlandsevertegenwoordigersinnederland_0352.html
380	http://resources.huygens.knaw.nl/retroapp/service_schutte/service_schutte/schutte_1/html/schutte_buitenlandsevertegenwoordigersinnederland_0352.html
381	http://resources.huygens.knaw.nl/retroapp/service_schutte/service_schutte/schutte_1/html/schutte_buitenlandsevertegenwoordigersinnederland_0353.html
382	http://resources.huygens.knaw.nl/retroapp/service_schutte/service_schutte/schutte_1/html/schutte_buitenlandsevertegenwoordigersinnederland_0353.html
383	http://resources.huygens.knaw.nl/retroapp/service_schutte/service_schutte/schutte_1/html/schutte_buitenlandsevertegenwoordigersinnederland_0354.html
384	http://resources.huygens.knaw.nl/retroapp/service_schutte/service_schutte/schutte_1/html/schutte_buitenlandsevertegenwoordigersinnederland_0355.html
385	http://resources.huygens.knaw.nl/retroapp/service_schutte/service_schutte/schutte_1/html/schutte_buitenlandsevertegenwoordigersinnederland_0355.html
386	http://resources.huygens.knaw.nl/retroapp/service_schutte/service_schutte/schutte_1/html/schutte_buitenlandsevertegenwoordigersinnederland_0356.html
387	http://resources.huygens.knaw.nl/retroapp/service_schutte/service_schutte/schutte_1/html/schutte_buitenlandsevertegenwoordigersinnederland_0356.html
388	http://resources.huygens.knaw.nl/retroapp/service_schutte/service_schutte/schutte_1/html/schutte_buitenlandsevertegenwoordigersinnederland_0357.html
389	http://resources.huygens.knaw.nl/retroapp/service_schutte/service_schutte/schutte_1/html/schutte_buitenlandsevertegenwoordigersinnederland_0357.html
390	http://resources.huygens.knaw.nl/retroapp/service_schutte/service_schutte/schutte_1/html/schutte_buitenlandsevertegenwoordigersinnederland_0358.html
391	http://resources.huygens.knaw.nl/retroapp/service_schutte/service_schutte/schutte_1/html/schutte_buitenlandsevertegenwoordigersinnederland_0359.html
392	http://resources.huygens.knaw.nl/retroapp/service_schutte/service_schutte/schutte_1/html/schutte_buitenlandsevertegenwoordigersinnederland_0360.html
393	http://resources.huygens.knaw.nl/retroapp/service_schutte/service_schutte/schutte_1/html/schutte_buitenlandsevertegenwoordigersinnederland_0360.html
394	http://resources.huygens.knaw.nl/retroapp/service_schutte/service_schutte/schutte_1/html/schutte_buitenlandsevertegenwoordigersinnederland_0361.html
395	http://resources.huygens.knaw.nl/retroapp/service_schutte/service_schutte/schutte_1/html/schutte_buitenlandsevertegenwoordigersinnederland_0361.html
396	http://resources.huygens.knaw.nl/retroapp/service_schutte/service_schutte/schutte_1/html/schutte_buitenlandsevertegenwoordigersinnederland_0362.html
397	http://resources.huygens.knaw.nl/retroapp/service_schutte/service_schutte/schutte_1/html/schutte_buitenlandsevertegenwoordigersinnederland_0377.html
398	http://resources.huygens.knaw.nl/retroapp/service_schutte/service_schutte/schutte_1/html/schutte_buitenlandsevertegenwoordigersinnederland_0377.html
399	http://resources.huygens.knaw.nl/retroapp/service_schutte/service_schutte/schutte_1/html/schutte_buitenlandsevertegenwoordigersinnederland_0377.html
400	http://resources.huygens.knaw.nl/retroapp/service_schutte/service_schutte/schutte_1/html/schutte_buitenlandsevertegenwoordigersinnederland_0378.html
401	http://resources.huygens.knaw.nl/retroapp/service_schutte/service_schutte/schutte_1/html/schutte_buitenlandsevertegenwoordigersinnederland_0378.html
402	http://resources.huygens.knaw.nl/retroapp/service_schutte/service_schutte/schutte_1/html/schutte_buitenlandsevertegenwoordigersinnederland_0379.html
403	http://resources.huygens.knaw.nl/retroapp/service_schutte/service_schutte/schutte_1/html/schutte_buitenlandsevertegenwoordigersinnederland_0382.html
404	http://resources.huygens.knaw.nl/retroapp/service_schutte/service_schutte/schutte_1/html/schutte_buitenlandsevertegenwoordigersinnederland_0383.html
405	http://resources.huygens.knaw.nl/retroapp/service_schutte/service_schutte/schutte_1/html/schutte_buitenlandsevertegenwoordigersinnederland_0383.html
406	http://resources.huygens.knaw.nl/retroapp/service_schutte/service_schutte/schutte_1/html/schutte_buitenlandsevertegenwoordigersinnederland_0385.html
407	http://resources.huygens.knaw.nl/retroapp/service_schutte/service_schutte/schutte_1/html/schutte_buitenlandsevertegenwoordigersinnederland_0386.html
408	http://resources.huygens.knaw.nl/retroapp/service_schutte/service_schutte/schutte_1/html/schutte_buitenlandsevertegenwoordigersinnederland_0386.html
409	http://resources.huygens.knaw.nl/retroapp/service_schutte/service_schutte/schutte_1/html/schutte_buitenlandsevertegenwoordigersinnederland_0387.html
410	http://resources.huygens.knaw.nl/retroapp/service_schutte/service_schutte/schutte_1/html/schutte_buitenlandsevertegenwoordigersinnederland_0389.html
411	http://resources.huygens.knaw.nl/retroapp/service_schutte/service_schutte/schutte_1/html/schutte_buitenlandsevertegenwoordigersinnederland_0391.html
412	http://resources.huygens.knaw.nl/retroapp/service_schutte/service_schutte/schutte_1/html/schutte_buitenlandsevertegenwoordigersinnederland_0391.html
413	http://resources.huygens.knaw.nl/retroapp/service_schutte/service_schutte/schutte_1/html/schutte_buitenlandsevertegenwoordigersinnederland_0392.html
414	http://resources.huygens.knaw.nl/retroapp/service_schutte/service_schutte/schutte_1/html/schutte_buitenlandsevertegenwoordigersinnederland_0396.html
415	http://resources.huygens.knaw.nl/retroapp/service_schutte/service_schutte/schutte_1/html/schutte_buitenlandsevertegenwoordigersinnederland_0397.html
416	http://resources.huygens.knaw.nl/retroapp/service_schutte/service_schutte/schutte_1/html/schutte_buitenlandsevertegenwoordigersinnederland_0399.html
417	http://resources.huygens.knaw.nl/retroapp/service_schutte/service_schutte/schutte_1/html/schutte_buitenlandsevertegenwoordigersinnederland_0399.html
418	http://resources.huygens.knaw.nl/retroapp/service_schutte/service_schutte/schutte_1/html/schutte_buitenlandsevertegenwoordigersinnederland_0399.html
419	http://resources.huygens.knaw.nl/retroapp/service_schutte/service_schutte/schutte_1/html/schutte_buitenlandsevertegenwoordigersinnederland_0399.html
420	http://resources.huygens.knaw.nl/retroapp/service_schutte/service_schutte/schutte_1/html/schutte_buitenlandsevertegenwoordigersinnederland_0399.html
421	http://resources.huygens.knaw.nl/retroapp/service_schutte/service_schutte/schutte_1/html/schutte_buitenlandsevertegenwoordigersinnederland_0399.html
422	http://resources.huygens.knaw.nl/retroapp/service_schutte/service_schutte/schutte_1/html/schutte_buitenlandsevertegenwoordigersinnederland_0401.html
423	http://resources.huygens.knaw.nl/retroapp/service_schutte/service_schutte/schutte_1/html/schutte_buitenlandsevertegenwoordigersinnederland_0401.html
424	http://resources.huygens.knaw.nl/retroapp/service_schutte/service_schutte/schutte_1/html/schutte_buitenlandsevertegenwoordigersinnederland_0402.html
425	http://resources.huygens.knaw.nl/retroapp/service_schutte/service_schutte/schutte_1/html/schutte_buitenlandsevertegenwoordigersinnederland_0402.html
426	http://resources.huygens.knaw.nl/retroapp/service_schutte/service_schutte/schutte_1/html/schutte_buitenlandsevertegenwoordigersinnederland_0402.html
427	http://resources.huygens.knaw.nl/retroapp/service_schutte/service_schutte/schutte_1/html/schutte_buitenlandsevertegenwoordigersinnederland_0403.html
428	http://resources.huygens.knaw.nl/retroapp/service_schutte/service_schutte/schutte_1/html/schutte_buitenlandsevertegenwoordigersinnederland_0404.html
429	http://resources.huygens.knaw.nl/retroapp/service_schutte/service_schutte/schutte_1/html/schutte_buitenlandsevertegenwoordigersinnederland_0404.html
430	http://resources.huygens.knaw.nl/retroapp/service_schutte/service_schutte/schutte_1/html/schutte_buitenlandsevertegenwoordigersinnederland_0404.html
431	http://resources.huygens.knaw.nl/retroapp/service_schutte/service_schutte/schutte_1/html/schutte_buitenlandsevertegenwoordigersinnederland_0405.html
432	http://resources.huygens.knaw.nl/retroapp/service_schutte/service_schutte/schutte_1/html/schutte_buitenlandsevertegenwoordigersinnederland_0406.html
433	http://resources.huygens.knaw.nl/retroapp/service_schutte/service_schutte/schutte_1/html/schutte_buitenlandsevertegenwoordigersinnederland_0409.html
434	http://resources.huygens.knaw.nl/retroapp/service_schutte/service_schutte/schutte_1/html/schutte_buitenlandsevertegenwoordigersinnederland_0409.html
435	http://resources.huygens.knaw.nl/retroapp/service_schutte/service_schutte/schutte_1/html/schutte_buitenlandsevertegenwoordigersinnederland_0410.html
436	http://resources.huygens.knaw.nl/retroapp/service_schutte/service_schutte/schutte_1/html/schutte_buitenlandsevertegenwoordigersinnederland_0411.html
437	http://resources.huygens.knaw.nl/retroapp/service_schutte/service_schutte/schutte_1/html/schutte_buitenlandsevertegenwoordigersinnederland_0411.html
438	http://resources.huygens.knaw.nl/retroapp/service_schutte/service_schutte/schutte_1/html/schutte_buitenlandsevertegenwoordigersinnederland_0411.html
439	http://resources.huygens.knaw.nl/retroapp/service_schutte/service_schutte/schutte_1/html/schutte_buitenlandsevertegenwoordigersinnederland_0413.html
440	http://resources.huygens.knaw.nl/retroapp/service_schutte/service_schutte/schutte_1/html/schutte_buitenlandsevertegenwoordigersinnederland_0413.html
441	http://resources.huygens.knaw.nl/retroapp/service_schutte/service_schutte/schutte_1/html/schutte_buitenlandsevertegenwoordigersinnederland_0414.html
442	http://resources.huygens.knaw.nl/retroapp/service_schutte/service_schutte/schutte_1/html/schutte_buitenlandsevertegenwoordigersinnederland_0416.html
443	http://resources.huygens.knaw.nl/retroapp/service_schutte/service_schutte/schutte_1/html/schutte_buitenlandsevertegenwoordigersinnederland_0417.html
444	http://resources.huygens.knaw.nl/retroapp/service_schutte/service_schutte/schutte_1/html/schutte_buitenlandsevertegenwoordigersinnederland_0419.html
445	http://resources.huygens.knaw.nl/retroapp/service_schutte/service_schutte/schutte_1/html/schutte_buitenlandsevertegenwoordigersinnederland_0421.html
446	http://resources.huygens.knaw.nl/retroapp/service_schutte/service_schutte/schutte_1/html/schutte_buitenlandsevertegenwoordigersinnederland_0423.html
447	http://resources.huygens.knaw.nl/retroapp/service_schutte/service_schutte/schutte_1/html/schutte_buitenlandsevertegenwoordigersinnederland_0429.html
448	http://resources.huygens.knaw.nl/retroapp/service_schutte/service_schutte/schutte_1/html/schutte_buitenlandsevertegenwoordigersinnederland_0430.html
449	http://resources.huygens.knaw.nl/retroapp/service_schutte/service_schutte/schutte_1/html/schutte_buitenlandsevertegenwoordigersinnederland_0431.html
450	http://resources.huygens.knaw.nl/retroapp/service_schutte/service_schutte/schutte_1/html/schutte_buitenlandsevertegenwoordigersinnederland_0434.html
451	http://resources.huygens.knaw.nl/retroapp/service_schutte/service_schutte/schutte_1/html/schutte_buitenlandsevertegenwoordigersinnederland_0435.html
452	http://resources.huygens.knaw.nl/retroapp/service_schutte/service_schutte/schutte_1/html/schutte_buitenlandsevertegenwoordigersinnederland_0435.html
453	http://resources.huygens.knaw.nl/retroapp/service_schutte/service_schutte/schutte_1/html/schutte_buitenlandsevertegenwoordigersinnederland_0436.html
454	http://resources.huygens.knaw.nl/retroapp/service_schutte/service_schutte/schutte_1/html/schutte_buitenlandsevertegenwoordigersinnederland_0436.html
455	http://resources.huygens.knaw.nl/retroapp/service_schutte/service_schutte/schutte_1/html/schutte_buitenlandsevertegenwoordigersinnederland_0437.html
456	http://resources.huygens.knaw.nl/retroapp/service_schutte/service_schutte/schutte_1/html/schutte_buitenlandsevertegenwoordigersinnederland_0438.html
457	http://resources.huygens.knaw.nl/retroapp/service_schutte/service_schutte/schutte_1/html/schutte_buitenlandsevertegenwoordigersinnederland_0439.html
458	http://resources.huygens.knaw.nl/retroapp/service_schutte/service_schutte/schutte_1/html/schutte_buitenlandsevertegenwoordigersinnederland_0441.html
459	http://resources.huygens.knaw.nl/retroapp/service_schutte/service_schutte/schutte_1/html/schutte_buitenlandsevertegenwoordigersinnederland_0441.html
460	http://resources.huygens.knaw.nl/retroapp/service_schutte/service_schutte/schutte_1/html/schutte_buitenlandsevertegenwoordigersinnederland_0441.html
461	http://resources.huygens.knaw.nl/retroapp/service_schutte/service_schutte/schutte_1/html/schutte_buitenlandsevertegenwoordigersinnederland_0442.html
462	http://resources.huygens.knaw.nl/retroapp/service_schutte/service_schutte/schutte_1/html/schutte_buitenlandsevertegenwoordigersinnederland_0443.html
463	http://resources.huygens.knaw.nl/retroapp/service_schutte/service_schutte/schutte_1/html/schutte_buitenlandsevertegenwoordigersinnederland_0443.html
464	http://resources.huygens.knaw.nl/retroapp/service_schutte/service_schutte/schutte_1/html/schutte_buitenlandsevertegenwoordigersinnederland_0447.html
465	http://resources.huygens.knaw.nl/retroapp/service_schutte/service_schutte/schutte_1/html/schutte_buitenlandsevertegenwoordigersinnederland_0447.html
466	http://resources.huygens.knaw.nl/retroapp/service_schutte/service_schutte/schutte_1/html/schutte_buitenlandsevertegenwoordigersinnederland_0449.html
467	http://resources.huygens.knaw.nl/retroapp/service_schutte/service_schutte/schutte_1/html/schutte_buitenlandsevertegenwoordigersinnederland_0449.html
468	http://resources.huygens.knaw.nl/retroapp/service_schutte/service_schutte/schutte_1/html/schutte_buitenlandsevertegenwoordigersinnederland_0451.html
469	http://resources.huygens.knaw.nl/retroapp/service_schutte/service_schutte/schutte_1/html/schutte_buitenlandsevertegenwoordigersinnederland_0453.html
470	http://resources.huygens.knaw.nl/retroapp/service_schutte/service_schutte/schutte_1/html/schutte_buitenlandsevertegenwoordigersinnederland_0454.html
471	http://resources.huygens.knaw.nl/retroapp/service_schutte/service_schutte/schutte_1/html/schutte_buitenlandsevertegenwoordigersinnederland_0454.html
472	http://resources.huygens.knaw.nl/retroapp/service_schutte/service_schutte/schutte_1/html/schutte_buitenlandsevertegenwoordigersinnederland_0456.html
473	http://resources.huygens.knaw.nl/retroapp/service_schutte/service_schutte/schutte_1/html/schutte_buitenlandsevertegenwoordigersinnederland_0459.html
474	http://resources.huygens.knaw.nl/retroapp/service_schutte/service_schutte/schutte_1/html/schutte_buitenlandsevertegenwoordigersinnederland_0461.html
475	http://resources.huygens.knaw.nl/retroapp/service_schutte/service_schutte/schutte_1/html/schutte_buitenlandsevertegenwoordigersinnederland_0463.html
476	http://resources.huygens.knaw.nl/retroapp/service_schutte/service_schutte/schutte_1/html/schutte_buitenlandsevertegenwoordigersinnederland_0463.html
477	http://resources.huygens.knaw.nl/retroapp/service_schutte/service_schutte/schutte_1/html/schutte_buitenlandsevertegenwoordigersinnederland_0465.html
478	http://resources.huygens.knaw.nl/retroapp/service_schutte/service_schutte/schutte_1/html/schutte_buitenlandsevertegenwoordigersinnederland_0467.html
479	http://resources.huygens.knaw.nl/retroapp/service_schutte/service_schutte/schutte_1/html/schutte_buitenlandsevertegenwoordigersinnederland_0467.html
480	http://resources.huygens.knaw.nl/retroapp/service_schutte/service_schutte/schutte_1/html/schutte_buitenlandsevertegenwoordigersinnederland_0469.html
481	http://resources.huygens.knaw.nl/retroapp/service_schutte/service_schutte/schutte_1/html/schutte_buitenlandsevertegenwoordigersinnederland_0469.html
482	http://resources.huygens.knaw.nl/retroapp/service_schutte/service_schutte/schutte_1/html/schutte_buitenlandsevertegenwoordigersinnederland_0471.html
483	http://resources.huygens.knaw.nl/retroapp/service_schutte/service_schutte/schutte_1/html/schutte_buitenlandsevertegenwoordigersinnederland_0485.html
484	http://resources.huygens.knaw.nl/retroapp/service_schutte/service_schutte/schutte_1/html/schutte_buitenlandsevertegenwoordigersinnederland_0485.html
485	http://resources.huygens.knaw.nl/retroapp/service_schutte/service_schutte/schutte_1/html/schutte_buitenlandsevertegenwoordigersinnederland_0487.html
486	http://resources.huygens.knaw.nl/retroapp/service_schutte/service_schutte/schutte_1/html/schutte_buitenlandsevertegenwoordigersinnederland_0488.html
487	http://resources.huygens.knaw.nl/retroapp/service_schutte/service_schutte/schutte_1/html/schutte_buitenlandsevertegenwoordigersinnederland_0491.html
488	http://resources.huygens.knaw.nl/retroapp/service_schutte/service_schutte/schutte_1/html/schutte_buitenlandsevertegenwoordigersinnederland_0492.html
489	http://resources.huygens.knaw.nl/retroapp/service_schutte/service_schutte/schutte_1/html/schutte_buitenlandsevertegenwoordigersinnederland_0495.html
490	http://resources.huygens.knaw.nl/retroapp/service_schutte/service_schutte/schutte_1/html/schutte_buitenlandsevertegenwoordigersinnederland_0496.html
491	http://resources.huygens.knaw.nl/retroapp/service_schutte/service_schutte/schutte_1/html/schutte_buitenlandsevertegenwoordigersinnederland_0497.html
492	http://resources.huygens.knaw.nl/retroapp/service_schutte/service_schutte/schutte_1/html/schutte_buitenlandsevertegenwoordigersinnederland_0499.html
493	http://resources.huygens.knaw.nl/retroapp/service_schutte/service_schutte/schutte_1/html/schutte_buitenlandsevertegenwoordigersinnederland_0501.html
494	http://resources.huygens.knaw.nl/retroapp/service_schutte/service_schutte/schutte_1/html/schutte_buitenlandsevertegenwoordigersinnederland_0503.html
495	http://resources.huygens.knaw.nl/retroapp/service_schutte/service_schutte/schutte_1/html/schutte_buitenlandsevertegenwoordigersinnederland_0503.html
496	http://resources.huygens.knaw.nl/retroapp/service_schutte/service_schutte/schutte_1/html/schutte_buitenlandsevertegenwoordigersinnederland_0505.html
497	http://resources.huygens.knaw.nl/retroapp/service_schutte/service_schutte/schutte_1/html/schutte_buitenlandsevertegenwoordigersinnederland_0507.html
498	http://resources.huygens.knaw.nl/retroapp/service_schutte/service_schutte/schutte_1/html/schutte_buitenlandsevertegenwoordigersinnederland_0508.html
499	http://resources.huygens.knaw.nl/retroapp/service_schutte/service_schutte/schutte_1/html/schutte_buitenlandsevertegenwoordigersinnederland_0509.html
500	http://resources.huygens.knaw.nl/retroapp/service_schutte/service_schutte/schutte_1/html/schutte_buitenlandsevertegenwoordigersinnederland_0511.html
501	http://resources.huygens.knaw.nl/retroapp/service_schutte/service_schutte/schutte_1/html/schutte_buitenlandsevertegenwoordigersinnederland_0512.html
502	http://resources.huygens.knaw.nl/retroapp/service_schutte/service_schutte/schutte_1/html/schutte_buitenlandsevertegenwoordigersinnederland_0515.html
503	http://resources.huygens.knaw.nl/retroapp/service_schutte/service_schutte/schutte_1/html/schutte_buitenlandsevertegenwoordigersinnederland_0517.html
504	http://resources.huygens.knaw.nl/retroapp/service_schutte/service_schutte/schutte_1/html/schutte_buitenlandsevertegenwoordigersinnederland_0519.html
505	http://resources.huygens.knaw.nl/retroapp/service_schutte/service_schutte/schutte_1/html/schutte_buitenlandsevertegenwoordigersinnederland_0520.html
506	http://resources.huygens.knaw.nl/retroapp/service_schutte/service_schutte/schutte_1/html/schutte_buitenlandsevertegenwoordigersinnederland_0520.html
507	http://resources.huygens.knaw.nl/retroapp/service_schutte/service_schutte/schutte_1/html/schutte_buitenlandsevertegenwoordigersinnederland_0521.html
508	http://resources.huygens.knaw.nl/retroapp/service_schutte/service_schutte/schutte_1/html/schutte_buitenlandsevertegenwoordigersinnederland_0522.html
509	http://resources.huygens.knaw.nl/retroapp/service_schutte/service_schutte/schutte_1/html/schutte_buitenlandsevertegenwoordigersinnederland_0523.html
510	http://resources.huygens.knaw.nl/retroapp/service_schutte/service_schutte/schutte_1/html/schutte_buitenlandsevertegenwoordigersinnederland_0529.html
511	http://resources.huygens.knaw.nl/retroapp/service_schutte/service_schutte/schutte_1/html/schutte_buitenlandsevertegenwoordigersinnederland_0540.html
512	http://resources.huygens.knaw.nl/retroapp/service_schutte/service_schutte/schutte_1/html/schutte_buitenlandsevertegenwoordigersinnederland_0540.html
513	http://resources.huygens.knaw.nl/retroapp/service_schutte/service_schutte/schutte_1/html/schutte_buitenlandsevertegenwoordigersinnederland_0542.html
514	http://resources.huygens.knaw.nl/retroapp/service_schutte/service_schutte/schutte_1/html/schutte_buitenlandsevertegenwoordigersinnederland_0542.html
515	http://resources.huygens.knaw.nl/retroapp/service_schutte/service_schutte/schutte_1/html/schutte_buitenlandsevertegenwoordigersinnederland_0542.html
516	http://resources.huygens.knaw.nl/retroapp/service_schutte/service_schutte/schutte_1/html/schutte_buitenlandsevertegenwoordigersinnederland_0542.html
517	http://resources.huygens.knaw.nl/retroapp/service_schutte/service_schutte/schutte_1/html/schutte_buitenlandsevertegenwoordigersinnederland_0549.html
518	http://resources.huygens.knaw.nl/retroapp/service_schutte/service_schutte/schutte_1/html/schutte_buitenlandsevertegenwoordigersinnederland_0551.html
519	http://resources.huygens.knaw.nl/retroapp/service_schutte/service_schutte/schutte_1/html/schutte_buitenlandsevertegenwoordigersinnederland_0551.html
520	http://resources.huygens.knaw.nl/retroapp/service_schutte/service_schutte/schutte_1/html/schutte_buitenlandsevertegenwoordigersinnederland_0552.html
521	http://resources.huygens.knaw.nl/retroapp/service_schutte/service_schutte/schutte_1/html/schutte_buitenlandsevertegenwoordigersinnederland_0552.html
522	http://resources.huygens.knaw.nl/retroapp/service_schutte/service_schutte/schutte_1/html/schutte_buitenlandsevertegenwoordigersinnederland_0552.html
523	http://resources.huygens.knaw.nl/retroapp/service_schutte/service_schutte/schutte_1/html/schutte_buitenlandsevertegenwoordigersinnederland_0553.html
524	http://resources.huygens.knaw.nl/retroapp/service_schutte/service_schutte/schutte_1/html/schutte_buitenlandsevertegenwoordigersinnederland_0553.html
525	http://resources.huygens.knaw.nl/retroapp/service_schutte/service_schutte/schutte_1/html/schutte_buitenlandsevertegenwoordigersinnederland_0554.html
526	http://resources.huygens.knaw.nl/retroapp/service_schutte/service_schutte/schutte_1/html/schutte_buitenlandsevertegenwoordigersinnederland_0556.html
527	http://resources.huygens.knaw.nl/retroapp/service_schutte/service_schutte/schutte_1/html/schutte_buitenlandsevertegenwoordigersinnederland_0556.html
528	http://resources.huygens.knaw.nl/retroapp/service_schutte/service_schutte/schutte_1/html/schutte_buitenlandsevertegenwoordigersinnederland_0558.html
529	http://resources.huygens.knaw.nl/retroapp/service_schutte/service_schutte/schutte_1/html/schutte_buitenlandsevertegenwoordigersinnederland_0560.html
530	http://resources.huygens.knaw.nl/retroapp/service_schutte/service_schutte/schutte_1/html/schutte_buitenlandsevertegenwoordigersinnederland_0561.html
531	http://resources.huygens.knaw.nl/retroapp/service_schutte/service_schutte/schutte_1/html/schutte_buitenlandsevertegenwoordigersinnederland_0561.html
532	http://resources.huygens.knaw.nl/retroapp/service_schutte/service_schutte/schutte_1/html/schutte_buitenlandsevertegenwoordigersinnederland_0566.html
533	http://resources.huygens.knaw.nl/retroapp/service_schutte/service_schutte/schutte_1/html/schutte_buitenlandsevertegenwoordigersinnederland_0566.html
534	http://resources.huygens.knaw.nl/retroapp/service_schutte/service_schutte/schutte_1/html/schutte_buitenlandsevertegenwoordigersinnederland_0566.html
535	http://resources.huygens.knaw.nl/retroapp/service_schutte/service_schutte/schutte_1/html/schutte_buitenlandsevertegenwoordigersinnederland_0567.html
536	http://resources.huygens.knaw.nl/retroapp/service_schutte/service_schutte/schutte_1/html/schutte_buitenlandsevertegenwoordigersinnederland_0567.html
537	http://resources.huygens.knaw.nl/retroapp/service_schutte/service_schutte/schutte_1/html/schutte_buitenlandsevertegenwoordigersinnederland_0567.html
538	http://resources.huygens.knaw.nl/retroapp/service_schutte/service_schutte/schutte_1/html/schutte_buitenlandsevertegenwoordigersinnederland_0568.html
539	http://resources.huygens.knaw.nl/retroapp/service_schutte/service_schutte/schutte_1/html/schutte_buitenlandsevertegenwoordigersinnederland_0568.html
540	http://resources.huygens.knaw.nl/retroapp/service_schutte/service_schutte/schutte_1/html/schutte_buitenlandsevertegenwoordigersinnederland_0569.html
541	http://resources.huygens.knaw.nl/retroapp/service_schutte/service_schutte/schutte_1/html/schutte_buitenlandsevertegenwoordigersinnederland_0569.html
542	http://resources.huygens.knaw.nl/retroapp/service_schutte/service_schutte/schutte_1/html/schutte_buitenlandsevertegenwoordigersinnederland_0570.html
543	http://resources.huygens.knaw.nl/retroapp/service_schutte/service_schutte/schutte_1/html/schutte_buitenlandsevertegenwoordigersinnederland_0570.html
544	http://resources.huygens.knaw.nl/retroapp/service_schutte/service_schutte/schutte_1/html/schutte_buitenlandsevertegenwoordigersinnederland_0570.html
545	http://resources.huygens.knaw.nl/retroapp/service_schutte/service_schutte/schutte_1/html/schutte_buitenlandsevertegenwoordigersinnederland_0571.html
546	http://resources.huygens.knaw.nl/retroapp/service_schutte/service_schutte/schutte_1/html/schutte_buitenlandsevertegenwoordigersinnederland_0572.html
547	http://resources.huygens.knaw.nl/retroapp/service_schutte/service_schutte/schutte_1/html/schutte_buitenlandsevertegenwoordigersinnederland_0573.html
548	http://resources.huygens.knaw.nl/retroapp/service_schutte/service_schutte/schutte_1/html/schutte_buitenlandsevertegenwoordigersinnederland_0573.html
549	http://resources.huygens.knaw.nl/retroapp/service_schutte/service_schutte/schutte_1/html/schutte_buitenlandsevertegenwoordigersinnederland_0577.html
550	http://resources.huygens.knaw.nl/retroapp/service_schutte/service_schutte/schutte_1/html/schutte_buitenlandsevertegenwoordigersinnederland_0579.html
551	http://resources.huygens.knaw.nl/retroapp/service_schutte/service_schutte/schutte_1/html/schutte_buitenlandsevertegenwoordigersinnederland_0579.html
552	http://resources.huygens.knaw.nl/retroapp/service_schutte/service_schutte/schutte_1/html/schutte_buitenlandsevertegenwoordigersinnederland_0580.html
553	http://resources.huygens.knaw.nl/retroapp/service_schutte/service_schutte/schutte_1/html/schutte_buitenlandsevertegenwoordigersinnederland_0580.html
554	http://resources.huygens.knaw.nl/retroapp/service_schutte/service_schutte/schutte_1/html/schutte_buitenlandsevertegenwoordigersinnederland_0580.html
555	http://resources.huygens.knaw.nl/retroapp/service_schutte/service_schutte/schutte_1/html/schutte_buitenlandsevertegenwoordigersinnederland_0581.html
556	http://resources.huygens.knaw.nl/retroapp/service_schutte/service_schutte/schutte_1/html/schutte_buitenlandsevertegenwoordigersinnederland_0583.html
557	http://resources.huygens.knaw.nl/retroapp/service_schutte/service_schutte/schutte_1/html/schutte_buitenlandsevertegenwoordigersinnederland_0583.html
558	http://resources.huygens.knaw.nl/retroapp/service_schutte/service_schutte/schutte_1/html/schutte_buitenlandsevertegenwoordigersinnederland_0584.html
559	http://resources.huygens.knaw.nl/retroapp/service_schutte/service_schutte/schutte_1/html/schutte_buitenlandsevertegenwoordigersinnederland_0585.html
560	http://resources.huygens.knaw.nl/retroapp/service_schutte/service_schutte/schutte_1/html/schutte_buitenlandsevertegenwoordigersinnederland_0586.html
561	http://resources.huygens.knaw.nl/retroapp/service_schutte/service_schutte/schutte_1/html/schutte_buitenlandsevertegenwoordigersinnederland_0587.html
562	http://resources.huygens.knaw.nl/retroapp/service_schutte/service_schutte/schutte_1/html/schutte_buitenlandsevertegenwoordigersinnederland_0587.html
563	http://resources.huygens.knaw.nl/retroapp/service_schutte/service_schutte/schutte_1/html/schutte_buitenlandsevertegenwoordigersinnederland_0588.html
564	http://resources.huygens.knaw.nl/retroapp/service_schutte/service_schutte/schutte_1/html/schutte_buitenlandsevertegenwoordigersinnederland_0589.html
565	http://resources.huygens.knaw.nl/retroapp/service_schutte/service_schutte/schutte_1/html/schutte_buitenlandsevertegenwoordigersinnederland_0589.html
566	http://resources.huygens.knaw.nl/retroapp/service_schutte/service_schutte/schutte_1/html/schutte_buitenlandsevertegenwoordigersinnederland_0590.html
567	http://resources.huygens.knaw.nl/retroapp/service_schutte/service_schutte/schutte_1/html/schutte_buitenlandsevertegenwoordigersinnederland_0591.html
568	http://resources.huygens.knaw.nl/retroapp/service_schutte/service_schutte/schutte_1/html/schutte_buitenlandsevertegenwoordigersinnederland_0592.html
569	http://resources.huygens.knaw.nl/retroapp/service_schutte/service_schutte/schutte_1/html/schutte_buitenlandsevertegenwoordigersinnederland_0593.html
570	http://resources.huygens.knaw.nl/retroapp/service_schutte/service_schutte/schutte_1/html/schutte_buitenlandsevertegenwoordigersinnederland_0594.html
571	http://resources.huygens.knaw.nl/retroapp/service_schutte/service_schutte/schutte_1/html/schutte_buitenlandsevertegenwoordigersinnederland_0595.html
572	http://resources.huygens.knaw.nl/retroapp/service_schutte/service_schutte/schutte_1/html/schutte_buitenlandsevertegenwoordigersinnederland_0595.html
573	http://resources.huygens.knaw.nl/retroapp/service_schutte/service_schutte/schutte_1/html/schutte_buitenlandsevertegenwoordigersinnederland_0596.html
574	http://resources.huygens.knaw.nl/retroapp/service_schutte/service_schutte/schutte_1/html/schutte_buitenlandsevertegenwoordigersinnederland_0596.html
575	http://resources.huygens.knaw.nl/retroapp/service_schutte/service_schutte/schutte_1/html/schutte_buitenlandsevertegenwoordigersinnederland_0596.html
576	http://resources.huygens.knaw.nl/retroapp/service_schutte/service_schutte/schutte_1/html/schutte_buitenlandsevertegenwoordigersinnederland_0597.html
577	http://resources.huygens.knaw.nl/retroapp/service_schutte/service_schutte/schutte_1/html/schutte_buitenlandsevertegenwoordigersinnederland_0597.html
578	http://resources.huygens.knaw.nl/retroapp/service_schutte/service_schutte/schutte_1/html/schutte_buitenlandsevertegenwoordigersinnederland_0600.html
579	http://resources.huygens.knaw.nl/retroapp/service_schutte/service_schutte/schutte_1/html/schutte_buitenlandsevertegenwoordigersinnederland_0601.html
580	http://resources.huygens.knaw.nl/retroapp/service_schutte/service_schutte/schutte_1/html/schutte_buitenlandsevertegenwoordigersinnederland_0602.html
581	http://resources.huygens.knaw.nl/retroapp/service_schutte/service_schutte/schutte_1/html/schutte_buitenlandsevertegenwoordigersinnederland_0602.html
582	http://resources.huygens.knaw.nl/retroapp/service_schutte/service_schutte/schutte_1/html/schutte_buitenlandsevertegenwoordigersinnederland_0603.html
583	http://resources.huygens.knaw.nl/retroapp/service_schutte/service_schutte/schutte_1/html/schutte_buitenlandsevertegenwoordigersinnederland_0603.html
584	http://resources.huygens.knaw.nl/retroapp/service_schutte/service_schutte/schutte_1/html/schutte_buitenlandsevertegenwoordigersinnederland_0603.html
585	http://resources.huygens.knaw.nl/retroapp/service_schutte/service_schutte/schutte_1/html/schutte_buitenlandsevertegenwoordigersinnederland_0616.html
586	http://resources.huygens.knaw.nl/retroapp/service_schutte/service_schutte/schutte_1/html/schutte_buitenlandsevertegenwoordigersinnederland_0616.html
587	http://resources.huygens.knaw.nl/retroapp/service_schutte/service_schutte/schutte_1/html/schutte_buitenlandsevertegenwoordigersinnederland_0617.html
588	http://resources.huygens.knaw.nl/retroapp/service_schutte/service_schutte/schutte_1/html/schutte_buitenlandsevertegenwoordigersinnederland_0618.html
589	http://resources.huygens.knaw.nl/retroapp/service_schutte/service_schutte/schutte_1/html/schutte_buitenlandsevertegenwoordigersinnederland_0619.html
590	http://resources.huygens.knaw.nl/retroapp/service_schutte/service_schutte/schutte_1/html/schutte_buitenlandsevertegenwoordigersinnederland_0619.html
591	http://resources.huygens.knaw.nl/retroapp/service_schutte/service_schutte/schutte_1/html/schutte_buitenlandsevertegenwoordigersinnederland_0620.html
592	http://resources.huygens.knaw.nl/retroapp/service_schutte/service_schutte/schutte_1/html/schutte_buitenlandsevertegenwoordigersinnederland_0620.html
593	http://resources.huygens.knaw.nl/retroapp/service_schutte/service_schutte/schutte_1/html/schutte_buitenlandsevertegenwoordigersinnederland_0621.html
594	http://resources.huygens.knaw.nl/retroapp/service_schutte/service_schutte/schutte_1/html/schutte_buitenlandsevertegenwoordigersinnederland_0621.html
595	http://resources.huygens.knaw.nl/retroapp/service_schutte/service_schutte/schutte_1/html/schutte_buitenlandsevertegenwoordigersinnederland_0622.html
596	http://resources.huygens.knaw.nl/retroapp/service_schutte/service_schutte/schutte_1/html/schutte_buitenlandsevertegenwoordigersinnederland_0623.html
597	http://resources.huygens.knaw.nl/retroapp/service_schutte/service_schutte/schutte_1/html/schutte_buitenlandsevertegenwoordigersinnederland_0624.html
598	http://resources.huygens.knaw.nl/retroapp/service_schutte/service_schutte/schutte_1/html/schutte_buitenlandsevertegenwoordigersinnederland_0624.html
599	http://resources.huygens.knaw.nl/retroapp/service_schutte/service_schutte/schutte_1/html/schutte_buitenlandsevertegenwoordigersinnederland_0624.html
600	http://resources.huygens.knaw.nl/retroapp/service_schutte/service_schutte/schutte_1/html/schutte_buitenlandsevertegenwoordigersinnederland_0626.html
601	http://resources.huygens.knaw.nl/retroapp/service_schutte/service_schutte/schutte_1/html/schutte_buitenlandsevertegenwoordigersinnederland_0626.html
602	http://resources.huygens.knaw.nl/retroapp/service_schutte/service_schutte/schutte_1/html/schutte_buitenlandsevertegenwoordigersinnederland_0627.html
603	http://resources.huygens.knaw.nl/retroapp/service_schutte/service_schutte/schutte_1/html/schutte_buitenlandsevertegenwoordigersinnederland_0627.html
604	http://resources.huygens.knaw.nl/retroapp/service_schutte/service_schutte/schutte_1/html/schutte_buitenlandsevertegenwoordigersinnederland_0628.html
605	http://resources.huygens.knaw.nl/retroapp/service_schutte/service_schutte/schutte_1/html/schutte_buitenlandsevertegenwoordigersinnederland_0628.html
606	http://resources.huygens.knaw.nl/retroapp/service_schutte/service_schutte/schutte_1/html/schutte_buitenlandsevertegenwoordigersinnederland_0628.html
607	http://resources.huygens.knaw.nl/retroapp/service_schutte/service_schutte/schutte_1/html/schutte_buitenlandsevertegenwoordigersinnederland_0629.html
608	http://resources.huygens.knaw.nl/retroapp/service_schutte/service_schutte/schutte_1/html/schutte_buitenlandsevertegenwoordigersinnederland_0629.html
609	http://resources.huygens.knaw.nl/retroapp/service_schutte/service_schutte/schutte_1/html/schutte_buitenlandsevertegenwoordigersinnederland_0630.html
610	http://resources.huygens.knaw.nl/retroapp/service_schutte/service_schutte/schutte_1/html/schutte_buitenlandsevertegenwoordigersinnederland_0630.html
611	http://resources.huygens.knaw.nl/retroapp/service_schutte/service_schutte/schutte_1/html/schutte_buitenlandsevertegenwoordigersinnederland_0630.html
612	http://resources.huygens.knaw.nl/retroapp/service_schutte/service_schutte/schutte_1/html/schutte_buitenlandsevertegenwoordigersinnederland_0631.html
613	http://resources.huygens.knaw.nl/retroapp/service_schutte/service_schutte/schutte_1/html/schutte_buitenlandsevertegenwoordigersinnederland_0632.html
614	http://resources.huygens.knaw.nl/retroapp/service_schutte/service_schutte/schutte_1/html/schutte_buitenlandsevertegenwoordigersinnederland_0632.html
615	http://resources.huygens.knaw.nl/retroapp/service_schutte/service_schutte/schutte_1/html/schutte_buitenlandsevertegenwoordigersinnederland_0633.html
616	http://resources.huygens.knaw.nl/retroapp/service_schutte/service_schutte/schutte_1/html/schutte_buitenlandsevertegenwoordigersinnederland_0634.html
617	http://resources.huygens.knaw.nl/retroapp/service_schutte/service_schutte/schutte_1/html/schutte_buitenlandsevertegenwoordigersinnederland_0635.html
618	http://resources.huygens.knaw.nl/retroapp/service_schutte/service_schutte/schutte_1/html/schutte_buitenlandsevertegenwoordigersinnederland_0640.html
619	http://resources.huygens.knaw.nl/retroapp/service_schutte/service_schutte/schutte_1/html/schutte_buitenlandsevertegenwoordigersinnederland_0640.html
620	http://resources.huygens.knaw.nl/retroapp/service_schutte/service_schutte/schutte_1/html/schutte_buitenlandsevertegenwoordigersinnederland_0641.html
621	http://resources.huygens.knaw.nl/retroapp/service_schutte/service_schutte/schutte_1/html/schutte_buitenlandsevertegenwoordigersinnederland_0641.html
622	http://resources.huygens.knaw.nl/retroapp/service_schutte/service_schutte/schutte_1/html/schutte_buitenlandsevertegenwoordigersinnederland_0642.html
623	http://resources.huygens.knaw.nl/retroapp/service_schutte/service_schutte/schutte_1/html/schutte_buitenlandsevertegenwoordigersinnederland_0643.html
624	http://resources.huygens.knaw.nl/retroapp/service_schutte/service_schutte/schutte_1/html/schutte_buitenlandsevertegenwoordigersinnederland_0643.html
625	http://resources.huygens.knaw.nl/retroapp/service_schutte/service_schutte/schutte_1/html/schutte_buitenlandsevertegenwoordigersinnederland_0644.html
626	http://resources.huygens.knaw.nl/retroapp/service_schutte/service_schutte/schutte_1/html/schutte_buitenlandsevertegenwoordigersinnederland_0644.html
627	http://resources.huygens.knaw.nl/retroapp/service_schutte/service_schutte/schutte_1/html/schutte_buitenlandsevertegenwoordigersinnederland_0645.html
628	http://resources.huygens.knaw.nl/retroapp/service_schutte/service_schutte/schutte_1/html/schutte_buitenlandsevertegenwoordigersinnederland_0645.html
629	http://resources.huygens.knaw.nl/retroapp/service_schutte/service_schutte/schutte_1/html/schutte_buitenlandsevertegenwoordigersinnederland_0646.html
630	http://resources.huygens.knaw.nl/retroapp/service_schutte/service_schutte/schutte_1/html/schutte_buitenlandsevertegenwoordigersinnederland_0646.html
631	http://resources.huygens.knaw.nl/retroapp/service_schutte/service_schutte/schutte_1/html/schutte_buitenlandsevertegenwoordigersinnederland_0647.html
632	http://resources.huygens.knaw.nl/retroapp/service_schutte/service_schutte/schutte_1/html/schutte_buitenlandsevertegenwoordigersinnederland_0647.html
633	http://resources.huygens.knaw.nl/retroapp/service_schutte/service_schutte/schutte_1/html/schutte_buitenlandsevertegenwoordigersinnederland_0648.html
634	http://resources.huygens.knaw.nl/retroapp/service_schutte/service_schutte/schutte_1/html/schutte_buitenlandsevertegenwoordigersinnederland_0648.html
635	http://resources.huygens.knaw.nl/retroapp/service_schutte/service_schutte/schutte_1/html/schutte_buitenlandsevertegenwoordigersinnederland_0649.html
636	http://resources.huygens.knaw.nl/retroapp/service_schutte/service_schutte/schutte_1/html/schutte_buitenlandsevertegenwoordigersinnederland_0649.html
637	http://resources.huygens.knaw.nl/retroapp/service_schutte/service_schutte/schutte_1/html/schutte_buitenlandsevertegenwoordigersinnederland_0649.html
638	http://resources.huygens.knaw.nl/retroapp/service_schutte/service_schutte/schutte_1/html/schutte_buitenlandsevertegenwoordigersinnederland_0652.html
639	http://resources.huygens.knaw.nl/retroapp/service_schutte/service_schutte/schutte_1/html/schutte_buitenlandsevertegenwoordigersinnederland_0652.html
640	http://resources.huygens.knaw.nl/retroapp/service_schutte/service_schutte/schutte_1/html/schutte_buitenlandsevertegenwoordigersinnederland_0653.html
641	http://resources.huygens.knaw.nl/retroapp/service_schutte/service_schutte/schutte_1/html/schutte_buitenlandsevertegenwoordigersinnederland_0653.html
642	http://resources.huygens.knaw.nl/retroapp/service_schutte/service_schutte/schutte_1/html/schutte_buitenlandsevertegenwoordigersinnederland_0653.html
643	http://resources.huygens.knaw.nl/retroapp/service_schutte/service_schutte/schutte_1/html/schutte_buitenlandsevertegenwoordigersinnederland_0654.html
644	http://resources.huygens.knaw.nl/retroapp/service_schutte/service_schutte/schutte_1/html/schutte_buitenlandsevertegenwoordigersinnederland_0659.html
645	http://resources.huygens.knaw.nl/retroapp/service_schutte/service_schutte/schutte_1/html/schutte_buitenlandsevertegenwoordigersinnederland_0660.html
646	http://resources.huygens.knaw.nl/retroapp/service_schutte/service_schutte/schutte_1/html/schutte_buitenlandsevertegenwoordigersinnederland_0660.html
647	http://resources.huygens.knaw.nl/retroapp/service_schutte/service_schutte/schutte_1/html/schutte_buitenlandsevertegenwoordigersinnederland_0661.html
648	http://resources.huygens.knaw.nl/retroapp/service_schutte/service_schutte/schutte_1/html/schutte_buitenlandsevertegenwoordigersinnederland_0663.html
649	http://resources.huygens.knaw.nl/retroapp/service_schutte/service_schutte/schutte_1/html/schutte_buitenlandsevertegenwoordigersinnederland_0665.html
650	http://resources.huygens.knaw.nl/retroapp/service_schutte/service_schutte/schutte_1/html/schutte_buitenlandsevertegenwoordigersinnederland_0665.html
651	http://resources.huygens.knaw.nl/retroapp/service_schutte/service_schutte/schutte_1/html/schutte_buitenlandsevertegenwoordigersinnederland_0667.html
652	http://resources.huygens.knaw.nl/retroapp/service_schutte/service_schutte/schutte_1/html/schutte_buitenlandsevertegenwoordigersinnederland_0667.html
653	http://resources.huygens.knaw.nl/retroapp/service_schutte/service_schutte/schutte_1/html/schutte_buitenlandsevertegenwoordigersinnederland_0668.html
654	http://resources.huygens.knaw.nl/retroapp/service_schutte/service_schutte/schutte_1/html/schutte_buitenlandsevertegenwoordigersinnederland_0668.html
655	http://resources.huygens.knaw.nl/retroapp/service_schutte/service_schutte/schutte_1/html/schutte_buitenlandsevertegenwoordigersinnederland_0668.html
656	http://resources.huygens.knaw.nl/retroapp/service_schutte/service_schutte/schutte_1/html/schutte_buitenlandsevertegenwoordigersinnederland_0669.html
657	http://resources.huygens.knaw.nl/retroapp/service_schutte/service_schutte/schutte_1/html/schutte_buitenlandsevertegenwoordigersinnederland_0670.html
658	http://resources.huygens.knaw.nl/retroapp/service_schutte/service_schutte/schutte_1/html/schutte_buitenlandsevertegenwoordigersinnederland_0671.html
659	http://resources.huygens.knaw.nl/retroapp/service_schutte/service_schutte/schutte_1/html/schutte_buitenlandsevertegenwoordigersinnederland_0672.html
660	http://resources.huygens.knaw.nl/retroapp/service_schutte/service_schutte/schutte_1/html/schutte_buitenlandsevertegenwoordigersinnederland_0673.html
661	http://resources.huygens.knaw.nl/retroapp/service_schutte/service_schutte/schutte_1/html/schutte_buitenlandsevertegenwoordigersinnederland_0674.html
662	http://resources.huygens.knaw.nl/retroapp/service_schutte/service_schutte/schutte_1/html/schutte_buitenlandsevertegenwoordigersinnederland_0675.html
663	http://resources.huygens.knaw.nl/retroapp/service_schutte/service_schutte/schutte_1/html/schutte_buitenlandsevertegenwoordigersinnederland_0676.html
664	http://resources.huygens.knaw.nl/retroapp/service_schutte/service_schutte/schutte_1/html/schutte_buitenlandsevertegenwoordigersinnederland_0677.html
665	http://resources.huygens.knaw.nl/retroapp/service_schutte/service_schutte/schutte_1/html/schutte_buitenlandsevertegenwoordigersinnederland_0678.html
666	http://resources.huygens.knaw.nl/retroapp/service_schutte/service_schutte/schutte_1/html/schutte_buitenlandsevertegenwoordigersinnederland_0678.html
667	http://resources.huygens.knaw.nl/retroapp/service_schutte/service_schutte/schutte_1/html/schutte_buitenlandsevertegenwoordigersinnederland_0679.html
668	http://resources.huygens.knaw.nl/retroapp/service_schutte/service_schutte/schutte_1/html/schutte_buitenlandsevertegenwoordigersinnederland_0679.html
669	http://resources.huygens.knaw.nl/retroapp/service_schutte/service_schutte/schutte_1/html/schutte_buitenlandsevertegenwoordigersinnederland_0680.html
670	http://resources.huygens.knaw.nl/retroapp/service_schutte/service_schutte/schutte_1/html/schutte_buitenlandsevertegenwoordigersinnederland_0680.html
671	http://resources.huygens.knaw.nl/retroapp/service_schutte/service_schutte/schutte_1/html/schutte_buitenlandsevertegenwoordigersinnederland_0680.html
672	http://resources.huygens.knaw.nl/retroapp/service_schutte/service_schutte/schutte_1/html/schutte_buitenlandsevertegenwoordigersinnederland_0681.html
673	http://resources.huygens.knaw.nl/retroapp/service_schutte/service_schutte/schutte_1/html/schutte_buitenlandsevertegenwoordigersinnederland_0681.html
674	http://resources.huygens.knaw.nl/retroapp/service_schutte/service_schutte/schutte_1/html/schutte_buitenlandsevertegenwoordigersinnederland_0682.html
675	http://resources.huygens.knaw.nl/retroapp/service_schutte/service_schutte/schutte_1/html/schutte_buitenlandsevertegenwoordigersinnederland_0683.html
676	http://resources.huygens.knaw.nl/retroapp/service_schutte/service_schutte/schutte_1/html/schutte_buitenlandsevertegenwoordigersinnederland_0683.html
677	http://resources.huygens.knaw.nl/retroapp/service_schutte/service_schutte/schutte_1/html/schutte_buitenlandsevertegenwoordigersinnederland_0686.html
678	http://resources.huygens.knaw.nl/retroapp/service_schutte/service_schutte/schutte_1/html/schutte_buitenlandsevertegenwoordigersinnederland_0686.html
679	http://resources.huygens.knaw.nl/retroapp/service_schutte/service_schutte/schutte_1/html/schutte_buitenlandsevertegenwoordigersinnederland_0687.html
680	http://resources.huygens.knaw.nl/retroapp/service_schutte/service_schutte/schutte_1/html/schutte_buitenlandsevertegenwoordigersinnederland_0688.html
681	http://resources.huygens.knaw.nl/retroapp/service_schutte/service_schutte/schutte_1/html/schutte_buitenlandsevertegenwoordigersinnederland_0691.html
682	http://resources.huygens.knaw.nl/retroapp/service_schutte/service_schutte/schutte_1/html/schutte_buitenlandsevertegenwoordigersinnederland_0692.html
683	http://resources.huygens.knaw.nl/retroapp/service_schutte/service_schutte/schutte_1/html/schutte_buitenlandsevertegenwoordigersinnederland_0693.html
684	http://resources.huygens.knaw.nl/retroapp/service_schutte/service_schutte/schutte_1/html/schutte_buitenlandsevertegenwoordigersinnederland_0693.html
685	http://resources.huygens.knaw.nl/retroapp/service_schutte/service_schutte/schutte_1/html/schutte_buitenlandsevertegenwoordigersinnederland_0694.html
\.

